eta_l,eta_h,epsilon,mu,nu,psi,rho,sigma,lambda
0,4,0.642403,209.9382808,4.959542272,0.094107344,51.2984878,46.42423985,1.5
0,4,0.598064497,367.6713253,2.186269293,0.15101774,62.06934789,80.9925228,1.5
0,4,0.884961414,326.2006402,2.35263984,0.124837789,56.91545913,155.3624766,1.5
0,4,0.451706768,187.203562,1.923302092,0.190328181,46.38395045,69.83440535,1.5
0,4,0.72256624,96.52861937,3.765359874,0.123842253,73.68398623,132.3715411,1.5
0,4,0.605369538,255.8295002,4.711401133,0.082337056,53.32993048,74.55650397,1.5
0,4,0.431810502,225.5514955,2.883758268,0.157475559,53.27200501,105.2934016,1.5
0,4,0.808443051,161.562875,2.849306867,0.160924369,50.80105942,114.9434025,1.5
0,4,0.441212196,152.3412105,3.230981486,0.094989142,57.15556231,268.9503153,1.5
0,4,0.554750961,178.9070756,3.141824533,0.16306037,43.64318208,54.89645051,1.5
0,4,0.180393398,435.9843953,2.067011345,0.212995895,49.91619541,84.74526704,1.5
0,4,0.888012126,151.5857553,2.487989737,0.138122094,56.71981632,169.2502128,1.5
0,4,0.298393376,174.760141,2.227580273,0.180244694,54.41292914,95.46672828,1.5
0,4,0.136889195,212.6237857,2.391376446,0.162428241,54.98797584,116.895555,1.5
0,4,0.951315882,153.8778289,2.054324519,0.157820672,51.75766198,68.79005912,1.5
0,4,0.071675114,241.5994779,6.312727206,0.056250016,54.61604801,124.4276131,1.5
0,4,0.934783681,207.8293911,2.625033982,0.165290947,55.2211926,94.72498127,1.5
0,4,0.276933644,168.8912488,3.355581753,0.165956313,46.366968,87.47057041,1.5
0,4,0.958747981,221.2948366,2.368736609,0.157263058,60.7325427,110.8763314,1.5
0,4,0.994082104,125.6962775,4.537290517,0.092227277,47.24526654,184.2957283,1.5
0,4,0.947734261,183.2697737,5.140908438,0.110802616,53.44923206,96.54230996,1.5
0,4,0.764634731,245.5166801,4.498458246,0.107009315,54.55635911,77.01416438,1.5
0,4,0.323382667,201.0116903,2.323117165,0.134688982,46.64295412,113.405836,1.5
0,4,0.591550652,111.6407428,2.013295491,0.166349708,61.20439208,82.41087524,1.5
0,4,0.390832533,128.7689556,2.434537351,0.143588374,48.12709486,109.8995018,1.5
0,4,0.772126427,220.4372884,1.522493277,0.184483196,50.00658268,91.88075252,1.5
0,4,0.362935688,310.0677612,4.067938009,0.098780604,60.97837555,75.82908086,1.5
0,4,0.578364869,237.782382,2.52014859,0.113411204,54.63574817,238.7873127,1.5
0,4,0.611902052,261.3108693,2.665127459,0.147952049,54.16631341,77.47281708,1.5
0,4,0.22293558,231.2928927,2.427907151,0.194967709,49.57839725,94.96859554,1.5
0,4,0.596669866,151.7327126,2.35974601,0.151476904,54.32837282,66.01550991,1.5
0,4,0.94420251,98.11792627,3.372202803,0.121044407,44.46520247,95.19225518,1.5
0,4,0.542778042,172.337642,2.348802651,0.131072292,58.06038425,78.23806506,1.5
0,4,0.244910279,294.6264154,3.761132883,0.121323546,55.56963612,64.83720728,1.5
0,4,0.977555633,221.1204183,2.803717584,0.126972166,56.38251645,78.08115748,1.5
0,4,0.874340019,191.7791755,3.118663577,0.153851854,54.53292965,83.21203137,1.5
0,4,0.798930722,197.1483675,1.693313385,0.174815768,55.97157309,103.6924772,1.5
0,4,0.65031474,182.5861036,2.679311636,0.138890323,56.85381701,76.60535276,1.5
0,4,0.733995216,557.2854587,2.471323678,0.159295342,43.05761415,87.86628071,1.5
0,4,0.889413157,222.7791118,1.989285562,0.197973642,57.1440214,94.85332582,1.5
0,4,0.405684763,115.7844159,3.975554264,0.125199268,47.34571533,91.85497272,1.5
0,4,0.697298425,211.6410386,2.211065105,0.211779487,58.01974522,147.4468992,1.5
0,4,0.370178961,141.0831828,2.267591625,0.195316629,63.95306539,99.60827142,1.5
0,4,0.490129136,109.6602667,3.307601546,0.167730861,49.97265508,83.62143079,1.5
0,4,0.355263879,120.8342433,5.30695096,0.10840471,60.14708908,104.7094268,1.5
0,4,0.924299858,249.2586659,3.31344592,0.162603384,49.77023305,76.11005529,1.5
0,4,0.849795332,113.8902381,4.310351098,0.122022293,52.45923881,73.34468382,1.5
0,4,0.891973154,137.7806158,3.535059989,0.131008373,43.10851757,90.77781426,1.5
0,4,0.837406762,466.2301795,2.199891584,0.167639344,64.84510726,126.5926786,1.5
0,4,0.670129738,169.3516663,3.231455305,0.120019594,54.74199088,109.7816431,1.5
0,4,0.473327659,186.7267748,2.443760393,0.203491838,56.85921486,109.6395757,1.5
0,4,0.870137719,404.9076996,2.030234953,0.206816691,52.83691663,81.82473573,1.5
0,4,0.720506079,204.710236,1.908766427,0.156254301,55.29822855,87.64116746,1.5
0,4,0.875803773,176.4569381,3.734072322,0.129836011,43.0233367,39.26635562,1.5
0,4,0.562672878,235.2556135,2.019602522,0.159421961,47.77431025,101.2131184,1.5
0,4,0.436987626,234.5236298,3.520490822,0.128295985,49.36762988,113.2565254,1.5
0,4,0.408688862,242.6296256,3.188784082,0.146894946,46.97282101,78.84392817,1.5
0,4,0.174560521,350.0709951,2.57142477,0.150045314,51.45186201,125.2773188,1.5
0,4,0.714688576,225.5274396,2.322998328,0.187673521,54.38624602,121.4065161,1.5
0,4,0.773905868,140.9712743,1.673266573,0.286093376,62.07997859,105.8676366,1.5
0,4,0.971660325,250.6754917,3.08032874,0.114116082,56.33245768,68.40400296,1.5
0,4,0.359485377,172.8318272,2.491980118,0.137086489,46.6097647,89.58102771,1.5
0,4,0.251292066,235.7936682,4.139464866,0.089299351,57.42287844,84.77165161,1.5
0,4,0.046805074,101.3403015,2.167742104,0.128265944,57.73257077,96.82219679,1.5
0,4,0.506368035,194.7801248,4.382048,0.116563793,66.3786739,80.65566298,1.5
0,4,0.596431299,251.567292,2.695622313,0.163844139,51.85260082,171.0130309,1.5
0,4,0.732862692,206.1139999,2.422521912,0.129403894,60.1666415,79.20553996,1.5
0,4,0.663355889,81.49124,2.905768495,0.248230489,61.39633648,68.95013466,1.5
0,4,0.649160259,155.170329,3.297750555,0.133148254,57.88868189,61.2758581,1.5
0,4,0.491794822,68.65506299,2.756753543,0.148071978,50.3210885,99.25145795,1.5
0,4,0.517729784,207.5836671,2.153276265,0.163754198,50.43765963,101.9650873,1.5
0,4,0.435481966,190.7613266,3.140827098,0.11350611,49.12146086,109.742068,1.5
0,4,0.734093499,107.8674304,1.677338156,0.261318992,59.09936267,69.81521349,1.5
0,4,0.451706768,187.203562,1.923302092,0.190328181,46.38395045,69.83440535,1.5
0,4,0.454796214,311.3254922,2.312964698,0.183154465,48.64906001,80.91261182,1.5
0,4,0.606914122,122.8346505,2.177761874,0.136670482,52.67178639,130.1577736,1.5
0,4,0.733219488,111.3713628,3.850422971,0.079367103,56.21085513,69.3411706,1.5
0,4,0.733691304,245.6329906,1.606399932,0.205067066,57.87560856,104.1148778,1.5
0,4,0.537971964,163.4528216,3.135224941,0.106180157,75.10345612,99.57322204,1.5
0,4,0.109910082,181.2682229,3.343812467,0.149918739,60.72302905,122.6008892,1.5
0,4,0.733170526,205.7230955,2.619208591,0.204937781,57.02403505,85.96069727,1.5
0,4,0.48267249,150.069654,3.088557808,0.090477819,61.53109039,98.12101552,1.5
0,4,0.184057296,129.2581478,2.305078104,0.195495818,57.47248373,128.1767171,1.5
0,4,0.619729139,284.3306969,2.75061073,0.140952517,62.83870357,56.43353386,1.5
0,4,0.562672878,235.2556135,2.019602522,0.159421961,47.77431025,101.2131184,1.5
0,4,0.802050283,162.0497139,2.921567684,0.131936337,55.29110567,85.4307997,1.5
0,4,0.723935842,133.9405922,3.27004105,0.153239992,46.20469816,64.64485553,1.5
0,4,0.789863316,149.0046028,3.525754647,0.149271589,60.30044055,124.961455,1.5
0,4,0.733170526,205.7230955,2.619208591,0.204937781,57.02403505,85.96069727,1.5
0,4,0.508456859,110.902745,3.040443457,0.147179953,72.02273799,86.44258384,1.5
0,4,0.87044392,129.6414996,2.458675012,0.163109835,66.30195126,69.15774367,1.5
0,4,0.252300686,290.8291763,4.081061595,0.1140755,49.66091944,92.94305969,1.5
0,4,0.854508038,273.9345469,2.588195501,0.169350261,48.86082638,129.0532389,1.5
0,4,0.071863372,213.8526793,2.107661765,0.191321327,63.80381304,110.5229015,1.5
0,4,0.888012126,151.5857553,2.487989737,0.138122094,56.71981632,169.2502128,1.5
0,4,0.705029724,194.5689399,3.804898235,0.122865161,54.43191734,131.8445861,1.5
0,4,0.872035151,129.5769282,3.57679267,0.151898391,51.76053321,43.11817617,1.5
0,4,0.959810527,246.3662216,2.082561129,0.212152516,53.58340582,88.71120741,1.5
0,4,0.465451751,187.0626217,1.746125868,0.157105044,53.76511397,146.4254678,1.5
0,4,0.849918439,217.7100464,1.430911185,0.20375949,53.68309647,104.2994723,1.5
0,4,0.69931945,198.6662271,1.780036096,0.214675739,53.50412224,97.47231359,1.5
0,4,0.343476639,206.0174393,3.059839063,0.164035827,49.96904339,107.3234421,1.5
0,4,0.668513678,117.7424907,1.875238644,0.274710942,62.02572857,65.11541179,1.5
0,4,0.054644041,244.9297184,3.290620287,0.160144847,64.85806598,108.6018594,1.5
0,4,0.846585471,158.2783237,4.409082998,0.141797172,55.4361251,72.20132162,1.5
0,4,0.228827837,467.7943914,3.026157167,0.155157272,49.82649391,105.3138647,1.5
0,4,0.868915254,181.3464747,3.267353074,0.14750939,59.63467772,75.63023141,1.5
0,4,0.233463887,122.416962,2.195975123,0.122342146,59.07984485,147.8531283,1.5
0,4,0.72986952,83.36464816,2.620333041,0.19889336,56.77872999,101.1602615,1.5
0,4,0.402952859,119.5459014,3.690264404,0.12944731,42.54233493,93.3498422,1.5
0,4,0.687213238,161.1593094,2.608307982,0.166836332,56.76133499,78.63943775,1.5
0,4,0.545124666,293.1509197,2.508123216,0.153377594,49.54609342,82.32347924,1.5
0,4,0.067685564,233.4088325,3.525704833,0.142930019,54.50417033,133.4701243,1.5
0,4,0.726667138,222.1682713,3.208931189,0.145673135,63.71893102,126.4881761,1.5
0,4,0.222368009,123.0495642,3.462521624,0.124412904,63.00006849,108.3336703,1.5
0,4,0.26464065,240.319875,3.12394637,0.152309002,50.23019725,122.6924623,1.5
0,4,0.278933278,180.1182077,1.662387516,0.227709071,48.26798104,82.37571207,1.5
0,4,0.900684986,127.7472904,1.902447712,0.186954539,67.14339016,108.8337706,1.5
0,4,0.700253023,249.9971473,2.484476708,0.151857609,56.38113809,101.948471,1.5
0,4,0.762133127,158.4102456,2.674064469,0.255770424,56.88048542,100.7494352,1.5
0,4,0.698105363,152.9597673,3.751159273,0.086502849,51.41128725,94.78165069,1.5
0,4,0.388530991,97.17174822,1.784414884,0.186942389,53.67027611,122.5426729,1.5
0,4,0.241921712,143.436391,2.537523137,0.099950609,68.87804754,110.1919932,1.5
0,4,0.334708972,125.8862082,2.945839706,0.141385308,53.93115127,71.16823884,1.5
0,4,0.994749455,93.33142336,3.402464891,0.134444781,65.65010437,87.01069464,1.5
0,4,0.84986634,200.7924958,1.705458313,0.196306623,62.54298911,124.3596462,1.5
0,4,0.47911304,220.4109357,3.543873354,0.1324799,57.63169601,64.51892151,1.5
0,4,0.329758096,147.99955,4.396832884,0.077480323,56.72485812,80.37877866,1.5
0,4,0.31334725,165.0322468,2.569428433,0.131826758,57.31791814,107.9032698,1.5
0,4,0.718037249,287.9534397,2.530374785,0.173497999,50.77741225,131.4271399,1.5
0,4,0.774669294,155.958533,2.601954931,0.125091328,60.99367484,79.15374224,1.5
0,4,0.107095969,235.2759587,4.771671072,0.088623955,52.27384985,79.60177392,1.5
0,4,0.95849614,253.8946503,2.350833923,0.180208214,43.66592514,106.0130809,1.5
0,4,0.884111543,266.237109,1.972118277,0.180737002,57.10485272,98.50068931,1.5
0,4,0.071863372,213.8526793,2.107661765,0.191321327,63.80381304,110.5229015,1.5
0,4,0.308429128,159.837534,2.749494233,0.19726616,45.32057758,72.73695065,1.5
0,4,0.274337927,160.7093458,2.376086334,0.151308487,66.3878204,62.96464524,1.5
0,4,0.932854661,127.5039805,1.821137961,0.215710506,61.26259453,118.3150553,1.5
0,4,0.390832533,128.7689556,2.434537351,0.143588374,48.12709486,109.8995018,1.5
0,4,0.772673219,83.93744619,2.330020219,0.236929946,55.10429811,109.5546723,1.5
0,4,0.360175604,196.9444621,3.199252654,0.181690372,57.16698964,90.12554217,1.5
0,4,0.500528391,106.5619852,2.906344728,0.134763518,54.04295866,80.94165715,1.5
0,4,0.891337592,348.8844201,2.783832998,0.157285974,49.4063136,50.21966416,1.5
0,4,0.296371405,163.4480424,3.60857561,0.121515084,64.58072285,68.75393246,1.5
0,4,0.824059439,149.7711648,2.107509458,0.218743146,57.99457555,85.06127294,1.5
0,4,0.1773252,363.297794,2.340671839,0.157966919,56.09004832,92.77656417,1.5
0,4,0.684442141,371.5756955,2.947674689,0.145010461,47.62464734,108.1193582,1.5
0,4,0.196556659,122.5277713,3.223567863,0.185594077,43.57620977,69.16883671,1.5
0,4,0.944553611,200.8326947,2.585288009,0.181996411,48.95764281,96.00490712,1.5
0,4,0.709609916,158.2359741,3.821705409,0.145291792,57.77572091,123.9764975,1.5
0,4,0.278933278,180.1182077,1.662387516,0.227709071,48.26798104,82.37571207,1.5
0,4,0.759096211,84.87986438,1.78157321,0.156645664,54.42016225,116.1355836,1.5
0,4,0.482225457,343.8609083,1.906074493,0.168739759,60.09107136,86.54272874,1.5
0,4,0.642403,209.9382808,4.959542272,0.094107344,51.2984878,46.42423985,1.5
0,4,0.735334825,112.5597472,3.39229043,0.120430633,65.25080937,96.21579748,1.5
0,4,0.762133127,158.4102456,2.674064469,0.255770424,56.88048542,100.7494352,1.5
0,4,0.730795546,226.9664996,5.762455442,0.098736149,46.91837792,123.7842349,1.5
0,4,0.741527634,163.3372389,3.026895984,0.158531946,51.53424609,78.30812025,1.5
0,4,0.959513387,513.9720188,3.342999046,0.130376869,54.90305682,178.3095661,1.5
0,4,0.980031855,119.8630095,3.389441998,0.143098825,54.2738455,119.5785447,1.5
0,4,0.131657485,243.1595031,2.822538543,0.126809978,50.91076805,80.65313552,1.5
0,4,0.620618402,251.9715069,1.633017594,0.184333606,63.06514432,159.6957576,1.5
0,4,0.660096437,132.4210535,2.029619005,0.175855089,55.95931932,64.14845578,1.5
0,4,0.351436283,113.2341049,1.918418601,0.148248083,55.1848862,190.6624343,1.5
0,4,0.354949354,111.7459141,2.959233526,0.114561382,62.39425119,94.23855458,1.5
0,4,0.092453749,263.0083805,2.214641879,0.185890372,57.98405109,124.7784904,1.5
0,4,0.874340019,191.7791755,3.118663577,0.153851854,54.53292965,83.21203137,1.5
0,4,0.529102234,284.1419975,2.209081428,0.17169415,44.93593372,61.04269223,1.5
0,4,0.596669866,151.7327126,2.35974601,0.151476904,54.32837282,66.01550991,1.5
0,4,0.506096436,248.9119024,5.324255616,0.08489043,55.96601689,116.5427485,1.5
0,4,0.321676474,158.8459377,3.387478528,0.140497861,60.75428862,85.10832938,1.5
0,4,0.959810527,246.3662216,2.082561129,0.212152516,53.58340582,88.71120741,1.5
0,4,0.889413157,222.7791118,1.989285562,0.197973642,57.1440214,94.85332582,1.5
0,4,0.854523907,256.7033028,3.237810595,0.116165515,50.03978624,73.9904793,1.5
0,4,0.982402405,155.8385507,2.56639846,0.215361422,59.04879855,84.11729386,1.5
0,4,0.176406856,131.0905963,4.780617886,0.07234972,58.22765083,107.9495837,1.5
0,4,0.698105363,152.9597673,3.751159273,0.086502849,51.41128725,94.78165069,1.5
0,4,0.855310961,192.1573993,2.060837792,0.1588087,57.18121095,62.05357347,1.5
0,4,0.366389364,167.4115085,3.273912169,0.106902564,62.80198933,77.78963801,1.5
0,4,0.797987091,425.6212925,2.816540919,0.185539122,48.38473175,80.09276833,1.5
0,4,0.191321529,283.0171192,1.56680679,0.194873002,57.84959683,97.88711388,1.5
0,4,0.506004544,212.7282625,2.391563776,0.135765137,54.83995926,120.1958456,1.5
0,4,0.446406181,241.5545494,4.076814231,0.112653681,65.41633872,88.65862079,1.5
0,4,0.893283066,270.5997111,3.089755002,0.135174321,49.81271089,96.40872379,1.5
0,4,0.994915894,124.6860766,3.456072108,0.22922463,54.19704797,93.20292572,1.5
0,4,0.65253334,311.3794203,3.208210469,0.164501591,52.69826945,106.33135,1.5
0,4,0.72256624,96.52861937,3.765359874,0.123842253,73.68398623,132.3715411,1.5
0,4,0.702970156,127.7558553,2.084773978,0.126085148,49.159686,86.5419668,1.5
0,4,0.943554628,93.56240945,1.770803064,0.163113689,51.864668,70.29860042,1.5
0,4,0.458467886,297.6440388,2.875492287,0.139076231,60.03577654,59.59117567,1.5
0,4,0.829624706,214.2612677,2.158273145,0.182311952,52.2946528,98.13084288,1.5
0,4,0.191119565,258.0795148,1.815320277,0.127832595,59.13046734,101.8915849,1.5
0,4,0.973605389,206.2556618,2.476150207,0.14906193,54.40653772,97.12696066,1.5
0,4,0.794317846,329.8621289,2.065528858,0.149432173,57.65900536,62.32880813,1.5
0,4,0.427957299,153.2040918,2.48063631,0.207445061,56.66242377,89.18814831,1.5
0,4,0.787939333,265.2483826,2.545201721,0.15570003,49.68767469,96.29246071,1.5
0,4,0.38982888,209.859604,3.621834878,0.1306256,58.89690371,106.1575839,1.5
0,4,0.676427064,210.6592105,3.554930589,0.137868571,54.51563309,60.72234995,1.5
0,4,0.878447318,212.471342,2.224728459,0.167367237,53.30742323,69.8866524,1.5
0,4,0.823815823,84.22139111,2.914925517,0.157581525,57.02455905,84.03290591,1.5
0,4,0.295231411,162.7456659,2.999053865,0.12929706,58.25673788,92.36119747,1.5
0,4,0.251875933,137.1615721,4.334399186,0.079474358,51.4494192,88.62136485,1.5
0,4,0.348010399,138.9375783,1.866207559,0.194609974,51.09074572,77.30187641,1.5
0,4,0.42276574,247.2052202,4.417722532,0.096959606,53.04076451,97.32372084,1.5
0,4,0.294161145,245.9077133,4.496095059,0.105158409,45.42767979,94.10613094,1.5
0,4,0.992115037,265.2558516,2.848369964,0.120052127,54.02987195,62.7173727,1.5
0,4,0.886117297,307.3569309,3.920838433,0.1741671,54.99508787,75.14553039,1.5
0,4,0.071675114,241.5994779,6.312727206,0.056250016,54.61604801,124.4276131,1.5
0,4,0.522276624,370.4681536,2.140404727,0.137539515,48.97990446,117.107682,1.5
0,4,0.776926953,103.2789846,3.449102167,0.130465577,49.82815738,180.6848521,1.5
0,4,0.854508038,273.9345469,2.588195501,0.169350261,48.86082638,129.0532389,1.5
0,4,0.987429644,303.8416098,1.567688302,0.199101595,54.4140745,146.6343479,1.5
0,4,0.589414495,194.7756508,3.457796346,0.174622304,53.48838772,100.0068954,1.5
0,4,0.45469841,147.0293055,2.284900015,0.162078964,51.38416005,92.37575734,1.5
0,4,0.4747714,78.8558259,3.034412398,0.148154942,48.2994505,101.5850617,1.5
0,4,0.660096437,132.4210535,2.029619005,0.175855089,55.95931932,64.14845578,1.5
0,4,0.320622209,237.7651881,2.745849056,0.110749073,47.75606807,83.13206336,1.5
0,4,0.662633819,102.9831489,3.319919779,0.123007966,50.7718956,64.20167381,1.5
0,4,0.271309682,204.7587371,2.49393238,0.123298116,62.98296315,75.35356925,1.5
0,4,0.295586917,149.3284595,3.100692434,0.190555507,53.16841669,79.86317673,1.5
0,4,0.728793117,375.5838104,2.115192823,0.182315624,50.92178504,61.55430005,1.5
0,4,0.942850194,413.0168204,6.531202107,0.092646791,63.23539988,106.0305613,1.5
0,4,0.746124154,178.1426148,3.210358501,0.175270346,45.52662512,76.83095479,1.5
0,4,0.380827128,188.6652318,2.139621733,0.182003999,51.18219121,98.64067453,1.5
0,4,0.629983497,205.405323,3.27404726,0.100451198,55.9769744,82.49452484,1.5
0,4,0.847496804,319.6673931,2.756308723,0.157108938,52.45896587,117.1919993,1.5
0,4,0.158908939,531.4681017,2.805081026,0.111456149,57.56722722,127.5717008,1.5
0,4,0.852789198,145.90482,1.644298423,0.221775812,48.48364398,82.29766235,1.5
0,4,0.849918439,217.7100464,1.430911185,0.20375949,53.68309647,104.2994723,1.5
0,4,0.323141654,178.9556005,3.181342458,0.127719225,48.18529182,59.69422344,1.5
0,4,0.898514001,175.6091851,2.670536448,0.206574593,60.31706207,72.09084767,1.5
0,4,0.668280274,262.48505,2.658554913,0.116023586,52.30081314,171.0907421,1.5
0,4,0.600271936,98.94057584,2.318738194,0.131292222,56.77772426,98.43706731,1.5
0,4,0.438721163,273.8338645,2.746684574,0.099324173,55.75131335,216.8456157,1.5
0,4,0.84557808,123.2872531,1.763229347,0.190684923,47.39350337,98.11400335,1.5
0,4,0.327157564,158.4170631,2.993637861,0.193971836,44.75372787,91.37160059,1.5
0,4,0.396227094,108.7935349,3.112849796,0.178546862,44.55537793,47.61595592,1.5
0,4,0.519352736,247.3046609,2.38438792,0.210393798,50.96532133,87.60388649,1.5
0,4,0.842666516,93.82506084,3.033469533,0.165019459,45.08695102,141.5749688,1.5
0,4,0.649959943,159.8847613,2.301863714,0.14365685,51.66552417,166.6649067,1.5
0,4,0.650876089,151.6740065,2.587932224,0.200447407,55.42419063,81.54769138,1.5
0,4,0.642403,209.9382808,4.959542272,0.094107344,51.2984878,46.42423985,1.5
0,4,0.871079927,185.0225707,1.980646779,0.250342568,53.92415521,62.05269679,1.5
0,4,0.539354845,106.4115343,3.534696908,0.185550742,63.48803923,117.1622814,1.5
0,4,0.518738986,235.0606078,2.01681352,0.14485269,56.47659689,114.5891058,1.5
0,4,0.495357757,167.4601864,1.821214885,0.139537091,60.18614298,87.55077591,1.5
0,4,0.638456073,347.8156001,3.024158817,0.11115159,60.33458751,50.72511697,1.5
0,4,0.223273732,322.6223364,3.858820446,0.135570451,53.55967621,113.7098719,1.5
0,4,0.395195824,94.80331349,3.581093615,0.106032623,58.59920234,81.45073291,1.5
0,4,0.920843365,240.0150446,2.518719073,0.123887068,51.31459875,113.3047474,1.5
0,4,0.214224038,136.9438282,2.59873508,0.14896083,55.73727314,84.13896222,1.5
0,4,0.432141892,421.0268384,4.220847697,0.137093849,50.82748577,76.34799805,1.5
0,4,0.762921859,195.7992822,2.085719692,0.23440369,51.31092789,102.8595323,1.5
0,4,0.999448997,131.8879508,2.272421256,0.158476643,53.85542094,94.36109657,1.5
0,4,0.92719164,144.7203826,2.433603574,0.169396655,54.65388731,75.93971338,1.5
0,4,0.746453576,159.2453245,4.655469884,0.099967618,71.34862878,140.9685554,1.5
0,4,0.536549741,171.4476974,3.056422224,0.116807336,54.66692156,74.72192875,1.5
0,4,0.778330027,153.8005656,2.837179666,0.123594766,55.24413203,95.13265813,1.5
0,4,0.49472971,176.0961024,5.112929009,0.115274035,48.25502854,126.3649661,1.5
0,4,0.539676933,200.578669,2.178830432,0.161186668,46.94491469,61.40919136,1.5
0,4,0.695447541,124.5343085,2.565496799,0.162561402,54.30854799,95.32884545,1.5
0,4,0.334110772,211.3304577,2.503527532,0.117298351,45.62743463,161.0444515,1.5
0,4,0.997489487,76.30297614,2.549268248,0.178681309,55.44398621,73.62971513,1.5
0,4,0.575344077,167.9604781,1.893426395,0.156582996,61.90133767,90.93591329,1.5
0,4,0.649744697,257.5504242,2.586614115,0.11147402,57.38959811,218.555898,1.5
0,4,0.210446819,143.3586226,2.01747297,0.143649607,54.30830998,131.6597603,1.5
0,4,0.291247169,378.8559916,2.146250327,0.165348558,57.29375825,65.2904034,1.5
0,4,0.728702132,207.5573587,3.471286757,0.099862814,55.75220297,89.36913272,1.5
0,4,0.726085755,149.1091331,2.956704186,0.132850256,53.37688813,88.76627078,1.5
0,4,0.492570304,266.8335178,4.085730182,0.122161919,54.15369676,57.17202505,1.5
0,4,0.097908551,351.8852504,2.325707036,0.20210013,48.53934109,84.98017925,1.5
0,4,0.375590152,189.8619548,2.253286736,0.129220239,51.75033037,136.8232067,1.5
0,4,0.914607057,156.1052332,2.136379137,0.247056016,53.96744042,66.95635638,1.5
0,4,0.774669294,155.958533,2.601954931,0.125091328,60.99367484,79.15374224,1.5
0,4,0.295169466,208.5444843,2.139718071,0.195198765,47.29848122,57.52646648,1.5
0,4,0.445685607,252.0549931,1.968191105,0.157940768,52.1254567,146.3166215,1.5
0,4,0.66446064,208.2252866,2.534518306,0.151156864,49.74681669,118.305842,1.5
0,4,0.636625632,289.7374195,1.935789962,0.1432651,53.84207301,228.5804882,1.5
0,4,0.07488749,225.6960711,2.109320007,0.175415873,59.57541139,73.85973507,1.5
0,4,0.617804434,250.7141336,3.159467477,0.123553418,64.62781958,111.558895,1.5
0,4,0.120596388,185.4102202,4.016535059,0.130456576,52.29649273,87.07416168,1.5
0,4,0.995270854,154.7740572,2.819574832,0.160741794,70.35978626,113.1327259,1.5
0,4,0.191714288,402.348917,3.975558312,0.128067283,48.87870551,123.2726326,1.5
0,4,0.884961414,326.2006402,2.35263984,0.124837789,56.91545913,155.3624766,1.5
0,4,0.82531351,188.0208486,3.414199877,0.155376259,49.42065379,55.44653561,1.5
0,4,0.588056579,439.0165465,6.444848069,0.097628155,52.3531257,79.71751972,1.5
0,4,0.048242128,153.3125342,3.249240481,0.111460961,53.79314423,90.69576352,1.5
0,4,0.926645872,197.5380469,4.109468528,0.139234243,45.79274974,77.83079977,1.5
0,4,0.894652577,275.2679855,3.160002138,0.160088966,49.72961718,105.206043,1.5
0,4,0.661929872,178.2600627,4.873640173,0.077488526,55.1125812,91.70526254,1.5
0,4,0.114329393,268.5651909,2.536159636,0.1278984,50.73167478,70.81178799,1.5
0,4,0.852422465,303.6660206,4.738036883,0.10419967,55.40095983,76.83155441,1.5
0,4,0.978165932,196.152905,2.741239519,0.14809129,49.892836,95.93857857,1.5
0,4,0.20717978,169.2857159,2.234347929,0.132506174,54.60893924,122.9525214,1.5
0,4,0.328039375,369.7581223,2.693692088,0.108549415,56.35003501,199.1581993,1.5
0,4,0.242780865,102.357,3.145114521,0.129198298,63.16913037,68.12445245,1.5
0,4,0.868037303,200.947273,3.195451032,0.139123607,55.8843961,128.9683448,1.5
0,4,0.970672518,332.2323545,2.851159051,0.142724599,63.8532007,88.63157741,1.5
0,4,0.982580646,243.2265966,3.028581284,0.13064613,39.43854627,99.6015802,1.5
0,4,0.433196341,171.0977733,2.334746536,0.14528785,38.82226712,91.39871846,1.5
0,4,0.280766939,306.7107598,2.374627071,0.183282407,49.85534973,83.64279001,1.5
0,4,0.821662264,299.9820705,2.203262702,0.246853394,54.88838476,75.37521338,1.5
0,4,0.774669294,155.958533,2.601954931,0.125091328,60.99367484,79.15374224,1.5
0,4,0.991460569,292.2641772,3.125427121,0.171353788,50.91388408,64.58331361,1.5
0,4,0.918155226,197.1272589,3.781313061,0.093801733,55.77744451,78.9067081,1.5
0,4,0.069273036,215.286501,5.650457207,0.065191778,61.24567082,92.32196276,1.5
0,4,0.018485958,363.7635271,6.163743285,0.111897078,51.49623435,98.02710038,1.5
0,4,0.739129947,284.747,1.885908876,0.193701344,54.8983851,69.11561765,1.5
0,4,0.782257923,172.9127625,4.101393236,0.124729623,47.42771217,119.7724374,1.5
0,4,0.317500986,155.2230066,5.639494719,0.077429866,44.50426553,116.7776507,1.5
0,4,0.398315808,300.8006541,2.18983104,0.200084858,57.36146597,71.05679461,1.5
0,4,0.134224082,114.5408434,2.038548793,0.185345849,59.31995393,98.034052,1.5
0,4,0.949323166,195.7660148,4.03536537,0.08895627,54.27504287,101.926458,1.5
0,4,0.957776236,177.8131031,3.596883381,0.15118249,52.03176633,112.1160354,1.5
0,4,0.636960111,116.1886748,2.382369394,0.161886646,46.16034164,61.44359589,1.5
0,4,0.440670287,408.9685094,2.336759883,0.21129912,58.92449814,93.91897802,1.5
0,4,0.325967331,349.2845591,2.47154389,0.146444187,55.03012652,69.15995843,1.5
0,4,0.794416118,173.310826,3.342485319,0.132055563,66.94430916,84.93204998,1.5
0,4,0.328591619,85.80340684,2.116723105,0.180155337,55.98966451,66.02301152,1.5
0,4,0.643208706,136.0926124,1.660485392,0.256175923,48.77106984,89.28994598,1.5
0,4,0.492570304,266.8335178,4.085730182,0.122161919,54.15369676,57.17202505,1.5
0,4,0.532805749,133.6769147,2.613236183,0.12912378,60.23907693,108.5825195,1.5
0,4,0.544413458,300.2669583,3.097199061,0.151267193,69.72180409,86.45236372,1.5
0,4,0.597494751,198.3759933,1.565803774,0.20020674,59.28029165,76.41724648,1.5
0,4,0.004860452,182.6924606,2.803910264,0.097251306,51.96739966,147.1924236,1.5
0,4,0.071675114,241.5994779,6.312727206,0.056250016,54.61604801,124.4276131,1.5
0,4,0.104478019,250.6383087,3.676637745,0.120386608,43.67301154,117.161568,1.5
0,4,0.951593601,148.444155,2.416964576,0.136570432,57.58549701,117.3636655,1.5
0,4,0.51934434,113.0534291,2.678923243,0.136724872,56.74282041,107.4253682,1.5
0,4,0.371721971,99.43949217,3.061665754,0.094805135,46.80500275,81.58284474,1.5
0,4,0.351436283,113.2341049,1.918418601,0.148248083,55.1848862,190.6624343,1.5
0,4,0.392563725,310.5773336,3.408765323,0.139078268,53.63251051,85.35084749,1.5
0,4,0.825533223,148.5467213,2.664336945,0.142160244,52.22923289,79.18872085,1.5
0,4,0.847494691,100.8144521,4.386772565,0.104996503,53.75377352,92.88331726,1.5
0,4,0.382405969,253.404893,2.90012179,0.108492274,57.85045068,86.15920359,1.5
0,4,0.890822876,160.9748194,3.6301308,0.120215439,48.00964314,98.86649323,1.5
0,4,0.849918439,217.7100464,1.430911185,0.20375949,53.68309647,104.2994723,1.5
0,4,0.818586505,179.054834,2.194191364,0.147514644,51.37931781,99.85659659,1.5
0,4,0.157457355,331.9611112,2.667478462,0.144500988,55.55897651,87.9408666,1.5
0,4,0.452011499,222.0454305,1.697303232,0.222200306,56.95518924,49.41363293,1.5
0,4,0.998354064,235.0254338,3.122916826,0.104975924,59.31026624,80.00587165,1.5
0,4,0.016352975,110.9328098,2.474232028,0.110124515,46.74358849,156.1207385,1.5
0,4,0.351800551,201.6712463,2.275212415,0.184460163,55.2103469,111.3427564,1.5
0,4,0.573664792,150.5950201,3.516090486,0.118457107,57.34179176,87.59965684,1.5
0,4,0.808210888,113.7233982,4.129647621,0.111531347,48.97256712,99.47382587,1.5
0,4,0.380827128,188.6652318,2.139621733,0.182003999,51.18219121,98.64067453,1.5
0,4,0.257330569,343.0912316,2.427111678,0.187766113,55.9930622,77.0131805,1.5
0,4,0.688757256,149.3676655,2.603790122,0.171905953,58.03577218,103.5883759,1.5
0,4,0.550568367,232.8582301,1.555403999,0.245020113,57.50319619,83.61907977,1.5
0,4,0.460460264,116.4433592,1.882984838,0.190134448,54.73705765,89.16349554,1.5
0,4,0.884961414,326.2006402,2.35263984,0.124837789,56.91545913,155.3624766,1.5
0,4,0.536407266,222.936178,2.523618678,0.194423235,51.84585905,88.77230862,1.5
0,4,0.747887068,235.1546282,1.636685718,0.167945141,62.08278029,119.2603878,1.5
0,4,0.145755029,133.880627,3.399341138,0.125390996,51.75518462,78.43740114,1.5
0,4,0.483070225,174.2908858,3.368663752,0.12314073,59.28205061,115.7659279,1.5
0,4,0.332037481,139.4950184,2.183549108,0.170722442,70.41114377,85.85927262,1.5
0,4,0.70797204,175.9777575,5.47104239,0.086857654,57.81004718,133.7892986,1.5
0,4,0.526084032,256.9783145,3.405873697,0.089064022,59.12440745,73.76406254,1.5
0,4,0.963779686,153.9091244,2.752258962,0.184979595,59.04360003,79.83251414,1.5
0,4,0.388845689,137.5584871,5.523334899,0.079350272,57.76743388,119.3372078,1.5
0,4,0.671401125,199.8699818,2.594291536,0.207561616,51.89679314,98.135366,1.5
0,4,0.704112125,231.2359622,4.29097612,0.09292055,61.19935838,72.72800466,1.5
0,4,0.239874322,177.8480627,2.921678018,0.121059667,54.73887979,82.96311569,1.5
0,4,0.631013272,66.97070685,2.820751151,0.164926931,46.66761767,90.10673757,1.5
0,4,0.306519261,197.3743349,1.623982589,0.208172228,62.31607935,157.1931174,1.5
0,4,0.480559782,429.7505993,4.951185519,0.114826881,48.21834598,85.96138588,1.5
0,4,0.720039827,120.1240148,4.230245654,0.121117964,58.39395808,72.76486519,1.5
0,4,0.543487545,86.29330878,1.713671972,0.169805007,58.59353945,127.9410698,1.5
0,4,0.92719164,144.7203826,2.433603574,0.169396655,54.65388731,75.93971338,1.5
0,4,0.703349995,118.5691481,3.215706865,0.118845923,62.83579702,51.31429437,1.5
0,4,0.880662798,222.9530296,6.107932787,0.088936562,61.31994315,73.36692698,1.5
0,4,0.114096822,175.0303429,4.316273481,0.117271824,53.16678571,106.4236462,1.5
0,4,0.589776937,200.4040278,2.632881896,0.13105711,49.86672431,77.37661193,1.5
0,4,0.83147235,222.2055067,2.415944123,0.165264017,55.4580672,67.14181167,1.5
0,4,0.845840333,337.9898109,2.679524063,0.158246245,52.24981616,98.38927896,1.5
0,4,0.563127373,110.547372,2.796045121,0.151099846,60.02285695,106.5243461,1.5
0,4,0.649959943,159.8847613,2.301863714,0.14365685,51.66552417,166.6649067,1.5
0,4,0.874065365,250.4325093,2.386258972,0.142530989,52.27173578,89.93663451,1.5
0,4,0.696522828,183.4693369,2.597314863,0.198921134,68.99215349,89.04302151,1.5
0,4,0.707878101,117.3808077,2.549120804,0.189410431,49.78331945,63.2603004,1.5
0,4,0.751539025,211.8990934,4.785378636,0.096868136,51.60345271,108.2041814,1.5
0,4,0.44650345,224.7274166,2.204012162,0.187239218,56.68183146,91.21948666,1.5
0,4,0.256152278,151.894964,2.200309407,0.148286887,55.74219397,163.4059157,1.5
0,4,0.20337212,109.3218577,2.206477148,0.170160223,49.52078869,57.43084189,1.5
0,4,0.924299858,249.2586659,3.31344592,0.162603384,49.77023305,76.11005529,1.5
0,4,0.990700753,190.3905272,2.566852621,0.183292514,64.50023407,78.36716707,1.5
0,4,0.818586505,179.054834,2.194191364,0.147514644,51.37931781,99.85659659,1.5
0,4,0.524826408,182.5611109,2.372204333,0.188568951,45.31460953,106.2530718,1.5
0,4,0.854508038,273.9345469,2.588195501,0.169350261,48.86082638,129.0532389,1.5
0,4,0.413414581,133.0767797,3.144787184,0.129057303,49.84219925,73.92492638,1.5
0,4,0.983734399,216.185571,3.228949155,0.139728875,56.13861875,53.57465685,1.5
0,4,0.281927932,202.2029923,2.057890868,0.144949328,61.8019727,177.7844557,1.5
0,4,0.334401885,486.6319722,2.748557285,0.164608622,52.03053398,109.2247702,1.5
0,4,0.964282762,390.877183,2.177549149,0.192123954,45.85625571,91.05210697,1.5
0,4,0.733995216,557.2854587,2.471323678,0.159295342,43.05761415,87.86628071,1.5
0,4,0.936740951,190.7771491,2.172011213,0.157172362,51.66724048,136.6834857,1.5
0,4,0.819145359,499.7631556,3.342886289,0.127785903,53.73948794,61.08411242,1.5
0,4,0.460261694,243.6239249,2.488963767,0.119424037,51.37406306,149.8141854,1.5
0,4,0.380827128,188.6652318,2.139621733,0.182003999,51.18219121,98.64067453,1.5
0,4,0.854508038,273.9345469,2.588195501,0.169350261,48.86082638,129.0532389,1.5
0,4,0.359485377,172.8318272,2.491980118,0.137086489,46.6097647,89.58102771,1.5
0,4,0.462057658,137.5198451,3.012722325,0.159321294,64.82522534,90.82257791,1.5
0,4,0.880824857,262.5843708,1.776812592,0.203755571,55.06726379,63.76637787,1.5
0,4,0.35176432,201.9361227,2.30196306,0.180848881,52.22637933,101.9446804,1.5
0,4,0.412344926,318.3693789,2.620466622,0.164030136,60.78974948,85.78317441,1.5
0,4,0.396821304,178.7051343,2.68223658,0.16700418,50.78227176,102.3074092,1.5
0,4,0.380106856,288.846467,3.724758029,0.099103769,51.37987368,73.43895119,1.5
0,4,0.86761179,422.0503542,4.255160266,0.124679096,53.77578008,82.33157349,1.5
0,4,0.271882584,191.2981578,3.276460826,0.116058109,61.90423034,97.8281875,1.5
0,4,0.67132272,97.21875128,3.171136272,0.131525226,53.17013064,111.2340177,1.5
0,4,0.696289203,301.8333439,3.03997815,0.100173903,54.54932314,101.2998789,1.5
0,4,0.166645454,206.0592563,4.811592074,0.100962473,48.45805023,95.94135677,1.5
0,4,0.687786925,163.6855432,3.201824672,0.177307,55.75225813,88.73141918,1.5
0,4,0.925594582,236.4426747,2.9989753,0.159676802,48.08943427,109.5384505,1.5
0,4,0.264859696,105.8518856,4.651104294,0.08154584,57.59819232,99.82960649,1.5
0,4,0.361828439,192.4656666,5.892862652,0.086586395,50.91142684,124.1491283,1.5
0,4,0.798930722,197.1483675,1.693313385,0.174815768,55.97157309,103.6924772,1.5
0,4,0.143804742,78.71107374,4.879010485,0.078947121,58.85634301,77.56747271,1.5
0,4,0.878186271,269.8354021,2.045039876,0.165882704,55.06408851,52.77605966,1.5
0,4,0.977555633,221.1204183,2.803717584,0.126972166,56.38251645,78.08115748,1.5
0,4,0.649959943,159.8847613,2.301863714,0.14365685,51.66552417,166.6649067,1.5
0,4,0.280073052,276.7112341,2.806667751,0.159808182,57.27114332,66.00750261,1.5
0,4,0.904297596,136.2557176,3.123199739,0.130936474,48.85136268,77.43800534,1.5
0,4,0.605206727,358.201108,2.059496899,0.200109453,48.71155064,76.27352511,1.5
0,4,0.400834383,95.00295449,2.165810353,0.185314635,50.26885832,102.9457081,1.5
0,4,0.290646703,145.2040791,3.137148027,0.097707878,61.21773976,74.44112052,1.5
0,4,0.906338042,137.1003357,2.498164937,0.183721242,51.13029977,110.0553817,1.5
0,4,0.294716206,192.9327694,1.786209673,0.20036001,56.06237577,151.4059489,1.5
0,4,0.688057951,211.3995311,2.200589107,0.260783074,64.41478618,68.26381364,1.5
0,4,0.442278967,228.942023,4.50270207,0.105272449,46.88812895,73.79013981,1.5
0,4,0.457000384,102.3009911,2.201888685,0.168277491,57.49580206,91.83776849,1.5
0,4,0.346060867,177.0306857,2.502827828,0.163755801,46.62027456,61.59374399,1.5
0,4,0.009778788,235.2883374,2.573777134,0.17194187,54.52297529,78.92001267,1.5
0,4,0.360175604,196.9444621,3.199252654,0.181690372,57.16698964,90.12554217,1.5
0,4,0.625057217,188.2131255,5.541329913,0.084491099,43.02019778,72.59202706,1.5
0,4,0.638841357,357.8752546,1.556263226,0.19412817,54.23315999,85.65762293,1.5
0,4,0.717647114,314.793529,2.705659236,0.116383034,63.92436852,88.10951996,1.5
0,4,0.459817054,218.6995168,2.974181188,0.143935066,46.52011294,87.2435453,1.5
0,4,0.842666516,93.82506084,3.033469533,0.165019459,45.08695102,141.5749688,1.5
0,4,0.798512687,365.7416011,1.976509239,0.172965247,62.58231945,59.10999697,1.5
0,4,0.41902974,199.108452,4.671662367,0.105524529,53.97851212,84.63939468,1.5
0,4,0.837753154,119.6946947,2.41093792,0.156352694,64.28537066,58.11276909,1.5
0,4,0.704263266,166.9368807,2.808934609,0.190274127,68.16653587,102.8030171,1.5
0,4,0.677191077,120.1534063,2.02820438,0.207588278,51.86505689,79.32571358,1.5
0,4,0.521975821,243.5570131,3.60167207,0.137044615,52.88726467,129.4393908,1.5
0,4,0.37117135,368.3457347,2.119667297,0.175093562,62.00437535,135.3842467,1.5
0,4,0.828457172,209.5530705,2.706562786,0.180163488,60.06329867,81.45655093,1.5
0,4,0.07488749,225.6960711,2.109320007,0.175415873,59.57541139,73.85973507,1.5
0,4,0.492177594,160.6552139,3.073048417,0.149770476,61.74958877,94.15637663,1.5
0,4,0.239067492,132.4544465,1.806468925,0.151662685,59.42502269,88.31371112,1.5
0,4,0.675941731,314.2763751,2.241726686,0.138488501,52.95342728,153.1926372,1.5
0,4,0.663337574,140.2880452,5.608060298,0.113762928,54.44466856,77.88631237,1.5
0,4,0.278880693,264.6484309,3.45658871,0.109184852,52.49661291,69.83159749,1.5
0,4,0.956429682,165.6676112,2.330711976,0.170082881,52.94270385,155.6974684,1.5
0,4,0.770598473,464.6433257,4.432836561,0.096767316,59.99400341,196.0280512,1.5
0,4,0.278933278,180.1182077,1.662387516,0.227709071,48.26798104,82.37571207,1.5
0,4,0.732133094,117.1916323,2.502511174,0.211772163,56.58024796,134.638351,1.5
0,4,0.211579314,127.8020355,2.288531656,0.201665692,58.40500516,115.6260322,1.5
0,4,0.753300517,122.651172,4.707512532,0.093994912,55.40574682,112.2968631,1.5
0,4,0.797715934,118.8821803,4.052000468,0.110124302,40.38322372,112.4371318,1.5
0,4,0.643208706,136.0926124,1.660485392,0.256175923,48.77106984,89.28994598,1.5
0,4,0.349401391,229.2088622,3.181851155,0.120401213,55.44331426,100.1163301,1.5
0,4,0.425203833,194.4013307,2.189445353,0.135846684,62.83631206,110.5978232,1.5
0,4,0.278933278,180.1182077,1.662387516,0.227709071,48.26798104,82.37571207,1.5
0,4,0.621400105,275.9096157,2.125195636,0.178572692,48.36715387,113.7797422,1.5
0,4,0.948711594,258.7508186,2.25151727,0.133705086,54.62525504,75.3349944,1.5
0,4,0.471573601,226.6445353,2.496537763,0.196544031,52.03807751,119.0167236,1.5
0,4,0.518738986,235.0606078,2.01681352,0.14485269,56.47659689,114.5891058,1.5
0,4,0.904695271,394.8838569,1.895917934,0.189720626,49.97233553,102.5239692,1.5
0,4,0.881702775,127.1541169,3.384585966,0.13922431,51.54831183,92.9228941,1.5
0,4,0.439467185,138.1318605,1.692328222,0.183504495,54.62409768,82.69191936,1.5
0,4,0.753016347,127.4499653,2.672223126,0.148733346,54.17817799,109.7806097,1.5
0,4,0.383840541,188.3716234,2.087771314,0.220161306,61.96804435,98.29993528,1.5
0,4,0.471573601,226.6445353,2.496537763,0.196544031,52.03807751,119.0167236,1.5
0,4,0.93814437,175.6499439,2.645812295,0.229659119,49.62963092,91.74640846,1.5
0,4,0.051733965,170.3362093,2.874026213,0.147744169,53.65526527,80.3931824,1.5
0,4,0.677789561,149.1388382,3.011110056,0.131601397,58.64584517,74.21665289,1.5
0,4,0.604665489,205.5009482,3.130414394,0.11537151,50.69553396,89.48510153,1.5
0,4,0.537801436,168.0084544,3.767228185,0.106076834,55.72696357,96.47054,1.5
0,4,0.997222552,142.5191545,5.118825696,0.093784202,57.01817436,79.23449442,1.5
0,4,0.105606738,374.5212053,2.637067855,0.138114619,54.97803993,80.0049789,1.5
0,4,0.362007544,159.8719323,3.012160584,0.12335514,62.25309632,93.69980901,1.5
0,4,0.670274868,107.7504533,3.826146564,0.10747692,52.46734956,164.6833482,1.5
0,4,0.989087813,340.0286146,1.779942553,0.1609494,53.73904847,68.89899302,1.5
0,4,0.951593601,148.444155,2.416964576,0.136570432,57.58549701,117.3636655,1.5
0,4,0.728793117,375.5838104,2.115192823,0.182315624,50.92178504,61.55430005,1.5
0,4,0.718042047,204.9824861,2.753587936,0.172718622,53.22742452,81.59501064,1.5
0,4,0.380827128,188.6652318,2.139621733,0.182003999,51.18219121,98.64067453,1.5
0,4,0.841103244,233.8733397,4.855246886,0.107938907,62.91948005,81.25570455,1.5
0,4,0.762556122,140.3477589,2.384646857,0.144301121,51.01179634,124.5747861,1.5
0,4,0.543791997,198.0587539,2.443792447,0.180789494,62.45016521,88.78172124,1.5
0,4,0.354293968,84.29947119,3.219592431,0.176333766,45.69174522,54.36324696,1.5
0,4,0.975237834,101.3025609,2.330449251,0.205110503,55.8721932,71.98896508,1.5
0,4,0.278933278,180.1182077,1.662387516,0.227709071,48.26798104,82.37571207,1.5
0,4,0.024126638,181.5349301,2.578904549,0.132821887,58.52465581,93.33933507,1.5
0,4,0.016352975,110.9328098,2.474232028,0.110124515,46.74358849,156.1207385,1.5
0,4,0.929804866,173.0878095,3.595436786,0.191589995,45.44555038,72.95960961,1.5
0,4,0.903280358,146.5486401,2.830729435,0.128032199,57.69105703,133.4385865,1.5
0,4,0.840270257,82.13586888,1.724399706,0.205952298,59.06714003,99.09197501,1.5
0,4,0.826722161,196.2452009,2.578641474,0.224330618,57.36415559,72.01989196,1.5
0,4,0.641567542,93.79077544,2.284632139,0.141071537,48.17836711,120.6993797,1.5
0,4,0.543627886,139.2037877,1.912635378,0.221174942,50.28067655,72.54239239,1.5
0,4,0.749542844,66.00474552,2.493636712,0.199379578,66.09428666,53.7925878,1.5
0,4,0.986185063,249.7837069,1.802015069,0.163241857,47.99077991,65.37240446,1.5
0,4,0.452011499,222.0454305,1.697303232,0.222200306,56.95518924,49.41363293,1.5
0,4,0.734093499,107.8674304,1.677338156,0.261318992,59.09936267,69.81521349,1.5
0,4,0.389247696,320.5891391,3.344816516,0.167420459,62.61682196,77.57683088,1.5
0,4,0.204499128,255.0899929,2.783252499,0.179207683,56.06812745,138.8045062,1.5
0,4,0.474512274,212.3489282,2.27295041,0.156175194,58.21624004,75.45472417,1.5
0,4,0.547931538,230.1232114,2.633427205,0.134114706,57.08965344,71.11678682,1.5
0,4,0.732862692,206.1139999,2.422521912,0.129403894,60.1666415,79.20553996,1.5
0,4,0.820264663,390.0910317,1.78938485,0.157533849,53.11383118,71.08870291,1.5
0,4,0.965669641,136.7341269,3.096778673,0.143999886,62.4249577,69.73326946,1.5
0,4,0.668609269,107.1590774,3.088815347,0.120515205,53.78737081,108.0824107,1.5
0,4,0.366389364,167.4115085,3.273912169,0.106902564,62.80198933,77.78963801,1.5
0,4,0.005454132,228.6366489,4.229138516,0.122608665,46.46505976,94.92545199,1.5
0,4,0.954710217,262.7455914,1.284183359,0.248213822,64.64890333,142.1734114,1.5
0,4,0.400721172,203.4909422,3.05289996,0.153140642,65.70648186,66.57459015,1.5
0,4,0.316627577,467.7222842,2.891561208,0.114554322,59.90375375,111.1697783,1.5
0,4,0.75149557,333.5301053,3.349307054,0.145450188,56.86511813,109.3733028,1.5
0,4,0.782677433,609.9606076,5.956765593,0.078600969,64.08072986,108.2953597,1.5
0,4,0.294716206,192.9327694,1.786209673,0.20036001,56.06237577,151.4059489,1.5
0,4,0.918038773,112.5251879,1.758697543,0.175341428,55.99800101,147.9548423,1.5
0,4,0.825073341,178.4928623,5.272093732,0.089091829,44.98363093,89.45479748,1.5
0,4,0.935112896,125.7312971,2.944547186,0.169141243,54.78843974,139.9646385,1.5
0,4,0.600041318,176.8592743,2.908986414,0.116434273,46.41206686,83.35367581,1.5
0,4,0.295169466,208.5444843,2.139718071,0.195198765,47.29848122,57.52646648,1.5
0,4,0.96928295,123.8639332,5.742362866,0.091167478,58.39768452,78.37299235,1.5
0,4,0.546591395,210.8465676,2.75102016,0.168415907,57.75847247,70.53948317,1.5
0,4,0.480204984,109.7240648,2.532401271,0.151942309,49.25431616,113.2703281,1.5
0,4,0.178757748,231.2134326,3.841102519,0.101668665,57.9790562,84.81521068,1.5
0,4,0.38679828,378.9299173,2.352770319,0.114793385,48.80186935,235.204636,1.5
0,4,0.289856894,147.5410854,4.075888416,0.092638801,42.07615034,90.28449201,1.5
0,4,0.944379181,89.50093987,2.622744916,0.142865138,49.98865673,64.87772926,1.5
0,4,0.778330027,153.8005656,2.837179666,0.123594766,55.24413203,95.13265813,1.5
0,4,0.86399393,144.2994528,2.880118708,0.193216393,59.44370015,115.4375155,1.5
0,4,0.825533223,148.5467213,2.664336945,0.142160244,52.22923289,79.18872085,1.5
0,4,0.893283066,270.5997111,3.089755002,0.135174321,49.81271089,96.40872379,1.5
0,4,0.937976416,231.4083188,3.210011452,0.113652681,57.09864066,93.85347286,1.5
0,4,0.987835063,183.3383021,2.138724755,0.18222157,54.78446856,166.6515406,1.5
0,4,0.295169466,208.5444843,2.139718071,0.195198765,47.29848122,57.52646648,1.5
0,4,0.891084104,279.5953755,3.579618015,0.137770943,49.24269857,68.79972947,1.5
0,4,0.80021346,469.1734937,1.760744386,0.170875808,54.69718871,101.9173404,1.5
0,4,0.07488749,225.6960711,2.109320007,0.175415873,59.57541139,73.85973507,1.5
0,4,0.884961414,326.2006402,2.35263984,0.124837789,56.91545913,155.3624766,1.5
0,4,0.085758282,152.3920467,2.994167586,0.147851742,58.34538941,56.32163193,1.5
0,4,0.12517043,228.9378614,2.935421216,0.132895896,54.64003553,73.73095852,1.5
0,4,0.78283973,198.1779182,1.893157078,0.215747839,54.72105354,98.16838448,1.5
0,4,0.960138838,178.5638589,2.369589095,0.175296844,51.43686851,85.89473988,1.5
0,4,0.665337199,170.9622598,2.596227583,0.163474201,48.54491348,100.6314397,1.5
0,4,0.223770937,144.0117924,2.659815274,0.124611129,58.11705643,65.60242123,1.5
0,4,0.929804866,173.0878095,3.595436786,0.191589995,45.44555038,72.95960961,1.5
0,4,0.440836314,415.8513655,3.261095694,0.121460332,52.56711788,74.59847722,1.5
0,4,0.679279415,293.6784039,2.906393773,0.14217925,51.69722291,57.6492797,1.5
0,4,0.534474723,139.3419924,1.644137011,0.208000211,54.58384659,72.32175989,1.5
0,4,0.587778744,160.1343219,1.983538877,0.145298766,56.19293889,143.37888,1.5
0,4,0.990129352,157.8449532,1.763830437,0.242565148,51.69860909,94.77812919,1.5
0,4,0.549235985,268.8252256,3.449753761,0.155837639,64.33092978,134.9255078,1.5
0,4,0.437340016,163.0987932,3.700309598,0.114882644,52.02473458,79.79279122,1.5
0,4,0.99652838,140.4747639,3.103361997,0.145118459,60.58398011,150.7764664,1.5
0,4,0.959810527,246.3662216,2.082561129,0.212152516,53.58340582,88.71120741,1.5
0,4,0.954231262,346.0359615,1.587822074,0.180050807,51.15123458,61.55687688,1.5
0,4,0.346490416,172.0144218,1.774302992,0.242703173,49.09582856,65.62457873,1.5
0,4,0.774669294,155.958533,2.601954931,0.125091328,60.99367484,79.15374224,1.5
0,4,0.617237058,102.1002935,2.529900253,0.1225805,56.18553484,80.64733578,1.5
0,4,0.278933278,180.1182077,1.662387516,0.227709071,48.26798104,82.37571207,1.5
0,4,0.832696309,145.4440342,2.604611526,0.171156307,56.30017242,103.3744363,1.5
0,4,0.495774899,259.8325536,2.809422758,0.141278518,49.43525806,65.49446655,1.5
0,4,0.72313908,369.7594362,1.992998492,0.162660703,53.67207015,96.12089449,1.5
0,4,0.92719164,144.7203826,2.433603574,0.169396655,54.65388731,75.93971338,1.5
0,4,0.654290825,229.9091426,1.207020209,0.179350645,58.46631836,204.7013019,1.5
0,4,0.474512274,212.3489282,2.27295041,0.156175194,58.21624004,75.45472417,1.5
0,4,0.082234087,205.7120234,2.731503748,0.157307509,57.71234186,74.14707745,1.5
0,4,0.382829983,232.4165312,5.954581133,0.079537893,58.97482924,89.99656144,1.5
0,4,0.679019747,137.0829426,3.036733502,0.118946247,65.40242564,102.1773013,1.5
0,4,0.472103951,185.5476313,1.978245231,0.144545705,52.85021673,122.1416724,1.5
0,4,0.811744458,380.9543903,2.373562954,0.190072427,56.03191016,68.34227578,1.5
0,4,0.381383376,158.8632052,5.747947421,0.081817855,54.16173738,61.67370095,1.5
0,4,0.893694513,203.516991,4.137422195,0.11895452,51.54382645,91.18281413,1.5
0,4,0.134224082,114.5408434,2.038548793,0.185345849,59.31995393,98.034052,1.5
0,4,0.328591619,85.80340684,2.116723105,0.180155337,55.98966451,66.02301152,1.5
0,4,0.844933044,140.1703246,2.31115237,0.199598145,57.99971441,82.01056104,1.5
0,4,0.346490416,172.0144218,1.774302992,0.242703173,49.09582856,65.62457873,1.5
0,4,0.458503298,298.605549,2.306910788,0.161972182,58.24855373,96.23196183,1.5
0,4,0.462896367,110.8575401,2.230228816,0.146995143,48.38010173,80.4440093,1.5
0,4,0.00704176,394.848167,4.369571785,0.140737462,46.91945005,105.9355508,1.5
0,4,0.433585025,344.3976931,1.729991065,0.248414803,60.92344309,80.30330413,1.5
0,4,0.987835063,183.3383021,2.138724755,0.18222157,54.78446856,166.6515406,1.5
0,4,0.959222655,199.9178377,3.556944649,0.112339875,66.0170554,95.75639864,1.5
0,4,0.946270966,271.1053532,2.167497832,0.200286051,51.17361699,77.76390577,1.5
0,4,0.904695271,394.8838569,1.895917934,0.189720626,49.97233553,102.5239692,1.5
0,4,0.6872867,179.8318462,3.219094595,0.163793361,53.305386,83.35637467,1.5
0,4,0.480761223,222.7613759,2.166150513,0.161331668,55.50655898,97.87565,1.5
0,4,0.465341684,576.0643623,2.646521094,0.109368128,44.62107541,77.55276604,1.5
0,4,0.362742481,151.4057855,5.640238367,0.085382318,54.45662193,59.12787488,1.5
0,4,0.75941704,149.4143573,4.151671977,0.088927804,58.4191902,82.77254991,1.5
0,4,0.448432238,200.9924039,2.927050581,0.102981061,49.95817079,151.8169053,1.5
0,4,0.261446734,200.8411128,4.559255779,0.111709306,53.76706147,70.10231941,1.5
0,4,0.175822543,150.4316743,2.496626175,0.108984283,62.84861555,63.93759014,1.5
0,4,0.855310961,192.1573993,2.060837792,0.1588087,57.18121095,62.05357347,1.5
0,4,0.973851985,139.4100041,2.626345216,0.177156195,64.76867228,66.44006912,1.5
0,4,0.063025029,160.067619,3.816088752,0.091405766,52.59281664,92.51438152,1.5
0,4,0.537801436,168.0084544,3.767228185,0.106076834,55.72696357,96.47054,1.5
0,4,0.655605376,240.6311321,3.302382095,0.154483541,56.96568407,96.26091409,1.5
0,4,0.45768578,355.5634001,2.449155279,0.178001949,62.2507053,67.50865047,1.5
0,4,0.794004306,271.2740854,2.233753622,0.143471747,59.35740032,70.80153342,1.5
0,4,0.75941704,149.4143573,4.151671977,0.088927804,58.4191902,82.77254991,1.5
0,4,0.886486972,168.4107657,2.460078076,0.195175156,65.18449787,80.14931932,1.5
0,4,0.562354306,329.7138298,5.34698747,0.091691855,53.66156725,100.968497,1.5
0,4,0.013848174,343.7306847,1.836940994,0.16739633,57.40410275,76.56342058,1.5
0,4,0.906090629,180.9371569,2.73343693,0.171768962,59.53994744,111.6798524,1.5
0,4,0.823815823,84.22139111,2.914925517,0.157581525,57.02455905,84.03290591,1.5
0,4,0.972829655,169.7758476,1.707435985,0.253884329,48.24025823,91.6094582,1.5
0,4,0.183174721,176.0518876,1.459407457,0.21012901,59.23292482,171.9037288,1.5
0,4,0.991888285,222.9390336,3.347140973,0.153809555,50.07432718,71.89109255,1.5
0,4,0.316670054,153.8831984,2.986083193,0.171826966,50.40574442,113.0625512,1.5
0,4,0.920843365,240.0150446,2.518719073,0.123887068,51.31459875,113.3047474,1.5
0,4,0.301970336,135.4597227,5.07078509,0.070958108,50.09009688,51.60405739,1.5
0,4,0.884836453,256.9452033,2.777058615,0.185087885,44.97458866,76.24339744,1.5
0,4,0.694653196,113.0641205,4.102318574,0.165134254,57.81216692,104.6157107,1.5
0,4,0.249766392,117.8944092,3.205762213,0.128175097,47.16515714,64.87427669,1.5
0,4,0.852572869,352.7510082,2.555790989,0.136375573,47.99433577,91.25273864,1.5
0,4,0.868037303,200.947273,3.195451032,0.139123607,55.8843961,128.9683448,1.5
0,4,0.055279048,204.4116961,4.167308417,0.11981824,57.55869973,117.8817603,1.5
0,4,0.267366658,151.8201086,2.358923894,0.16681599,53.58396045,61.26577926,1.5
0,4,0.987835063,183.3383021,2.138724755,0.18222157,54.78446856,166.6515406,1.5
0,4,0.107583789,149.3502826,1.998885298,0.132128639,58.58551771,112.5900817,1.5
0,4,0.772409859,236.4075652,3.151016265,0.16686543,51.60467031,99.2602119,1.5
0,4,0.959810527,246.3662216,2.082561129,0.212152516,53.58340582,88.71120741,1.5
0,4,0.449569918,179.4521231,2.514980025,0.140386922,53.13521387,77.2133047,1.5
0,4,0.390832533,128.7689556,2.434537351,0.143588374,48.12709486,109.8995018,1.5
0,4,0.852855122,107.9453202,1.621905374,0.205995183,52.9143597,92.96731928,1.5
0,4,0.955495553,325.1019447,2.274903808,0.17041119,63.16617004,89.39684944,1.5
0,4,0.589316202,326.8323384,6.17649307,0.074172051,53.94439986,127.7293714,1.5
0,4,0.186316461,252.9935321,3.323514974,0.115550812,57.40066632,83.98761993,1.5
0,4,0.464162474,85.94372376,2.853127109,0.217417477,58.60721115,108.7328937,1.5
0,4,0.210446819,143.3586226,2.01747297,0.143649607,54.30830998,131.6597603,1.5
0,4,0.52466012,212.1786882,1.681161455,0.216651443,46.92571418,78.79558498,1.5
0,4,0.853290638,217.2071002,2.764448471,0.159239199,53.38345036,82.73544477,1.5
0,4,0.810970985,193.9509882,2.509272685,0.128915152,53.16832971,167.9708321,1.5
0,4,0.443328247,168.2091222,2.387445891,0.207894554,41.89828484,79.31799611,1.5
0,4,0.450722227,340.8566797,2.084844829,0.189954463,53.59783295,73.84241923,1.5
0,4,0.589130056,335.1938612,3.743537743,0.133391304,52.91700265,98.05343596,1.5
0,4,0.906338042,137.1003357,2.498164937,0.183721242,51.13029977,110.0553817,1.5
0,4,0.919002153,160.3312139,6.032547926,0.092658422,64.40917805,75.8831444,1.5
0,4,0.278933278,180.1182077,1.662387516,0.227709071,48.26798104,82.37571207,1.5
0,4,0.445983334,308.7715486,3.368520241,0.131837129,53.38137736,84.90969714,1.5
0,4,0.726374527,125.4662232,3.069658525,0.102224076,56.2605896,154.6590909,1.5
0,4,0.772409859,236.4075652,3.151016265,0.16686543,51.60467031,99.2602119,1.5
0,4,0.545124666,293.1509197,2.508123216,0.153377594,49.54609342,82.32347924,1.5
0,4,0.183423891,229.3498094,2.758169599,0.148585494,55.49990262,72.31326609,1.5
0,4,0.33255513,183.6284204,2.817090677,0.161639177,61.71974438,96.1519724,1.5
0,4,0.980219685,165.6099135,3.160871002,0.159348286,61.7751796,73.70505689,1.5
0,4,0.698847419,222.3385328,3.527659709,0.139192999,57.31264322,93.5455755,1.5
0,4,0.290646703,145.2040791,3.137148027,0.097707878,61.21773976,74.44112052,1.5
0,4,0.82985622,159.2228744,2.182700698,0.136086171,53.81498515,155.4322244,1.5
0,4,0.007510406,195.8679367,4.181753145,0.143473972,54.48511469,61.40621691,1.5
0,4,0.593037434,446.7995571,3.292463974,0.089896886,52.65746932,106.5787202,1.5
0,4,0.656257187,256.9973389,2.944665816,0.120475182,62.56449347,75.46120392,1.5
0,4,0.284261536,134.840512,4.55135202,0.079507196,54.92628549,93.6991187,1.5
0,4,0.702970156,127.7558553,2.084773978,0.126085148,49.159686,86.5419668,1.5
0,4,0.235934813,265.4842094,3.046780033,0.169737016,67.69222808,101.0156562,1.5
0,4,0.929804866,173.0878095,3.595436786,0.191589995,45.44555038,72.95960961,1.5
0,4,0.980870773,310.9541869,2.814787638,0.160340911,55.59755657,109.9527512,1.5
0,4,0.394112735,379.5446348,2.246772304,0.160484146,52.61990919,93.71199326,1.5
0,4,0.626288885,94.69812416,1.678153533,0.168563575,60.67377782,82.26176605,1.5
0,4,0.621637194,167.5149577,2.371273241,0.135123044,51.95732352,63.33763921,1.5
0,4,0.8447794,122.9249919,2.450378027,0.163876677,61.56499816,73.2164225,1.5
0,4,0.544913286,111.0953615,5.168021667,0.080152785,50.7399168,68.13434984,1.5
0,4,0.848266972,231.9138749,1.723382172,0.27133697,54.09539014,95.59261231,1.5
0,4,0.171247669,271.7113802,4.0278261,0.106961761,58.85499195,67.68412079,1.5
0,4,0.976249864,216.7450753,2.799310558,0.173731591,58.6401291,75.46404327,1.5
0,4,0.367273215,289.6861194,5.186896118,0.070570106,52.09813915,63.9548187,1.5
0,4,0.657474062,205.1586964,1.694830154,0.209163314,64.30732371,97.39859937,1.5
0,4,0.848266972,231.9138749,1.723382172,0.27133697,54.09539014,95.59261231,1.5
0,4,0.854508038,273.9345469,2.588195501,0.169350261,48.86082638,129.0532389,1.5
0,4,0.963074634,469.8792066,2.19611571,0.196535679,61.61718236,178.6714987,1.5
0,4,0.810059164,356.7328391,1.191098294,0.241725117,65.25070704,155.7053922,1.5
0,4,0.406142434,215.1255403,2.803367566,0.098935304,72.61670143,116.7295212,1.5
0,4,0.587778744,160.1343219,1.983538877,0.145298766,56.19293889,143.37888,1.5
0,4,0.454796214,311.3254922,2.312964698,0.183154465,48.64906001,80.91261182,1.5
0,4,0.452061934,75.38245381,3.325458324,0.119297613,59.04896659,100.1188056,1.5
0,4,0.860935735,203.3447451,2.851434718,0.255187729,58.6205434,89.5833949,1.5
0,4,0.278741234,131.5894416,2.765064692,0.121814196,63.41934373,79.49744798,1.5
0,4,0.679954717,252.2601848,2.094402763,0.169583234,47.44177002,108.8243676,1.5
0,4,0.608236895,246.1699525,4.170661135,0.102109567,57.45571619,116.2135272,1.5
0,4,0.435207429,155.3274926,2.498973545,0.111589094,50.44966807,74.34918977,1.5
0,4,0.002899451,174.4858303,2.583009684,0.114160412,61.14014886,177.7032689,1.5
0,4,0.808225847,151.9912175,4.411764628,0.100832561,55.43742094,74.16849563,1.5
0,4,0.75941704,149.4143573,4.151671977,0.088927804,58.4191902,82.77254991,1.5
0,4,0.953792295,155.8035622,3.874162727,0.185680793,47.44967294,67.87913907,1.5
0,4,0.578747959,94.30325348,1.908887207,0.15092595,62.79232181,103.9872317,1.5
0,4,0.425203833,194.4013307,2.189445353,0.135846684,62.83631206,110.5978232,1.5
0,4,0.431660368,179.0984425,1.560544393,0.238042603,52.92371774,50.66298631,1.5
0,4,0.618361822,164.5417811,2.213262391,0.20196952,64.02685122,100.709086,1.5
0,4,0.703872937,319.6961794,2.727098511,0.125500283,55.77231468,105.2972432,1.5
0,4,0.050911011,374.2669815,5.035520856,0.08755143,48.98421419,76.39445542,1.5
0,4,0.378122349,194.5192612,2.598388735,0.152211648,46.97626993,113.693902,1.5
0,4,0.231533408,119.6409684,2.573863963,0.154003739,42.58622398,67.12783095,1.5
0,4,0.806461968,220.3150548,2.415654211,0.238818033,49.26199344,86.48636553,1.5
0,4,0.316887704,207.9152605,4.908512271,0.092760942,56.71708859,99.03757424,1.5
0,4,0.069166582,241.6214575,3.110196935,0.117660852,58.63916205,71.01728696,1.5
0,4,0.890892986,180.5204433,3.498307361,0.152948336,49.92493453,70.44143308,1.5
0,4,0.469894171,266.6558506,2.84165985,0.157280839,63.14139606,61.2609057,1.5
0,4,0.955850982,230.917249,3.154373388,0.168680741,42.25281497,72.16237435,1.5
0,4,0.489622844,161.5763107,3.329043847,0.121015751,64.41597434,94.00578882,1.5
0,4,0.806527627,144.6236452,3.564874308,0.120682085,55.48642338,96.81919016,1.5
0,4,0.975901618,119.0788517,3.926342536,0.104434423,69.78006125,81.78884704,1.5
0,4,0.417577778,164.8661618,2.851278864,0.179798698,51.52812666,77.08844692,1.5
0,4,0.398315808,300.8006541,2.18983104,0.200084858,57.36146597,71.05679461,1.5
0,4,0.44593005,98.37912237,4.017493559,0.115466378,59.508676,155.2683009,1.5
0,4,0.233154211,262.8898872,4.398207056,0.09299172,47.89717587,91.44134709,1.5
0,4,0.562678177,281.8156832,2.062286226,0.186736655,67.28678003,87.05945765,1.5
0,4,0.072233048,250.5404226,1.843173711,0.221006224,55.32136223,66.58510913,1.5
0,4,0.346060867,177.0306857,2.502827828,0.163755801,46.62027456,61.59374399,1.5
0,4,0.534474723,139.3419924,1.644137011,0.208000211,54.58384659,72.32175989,1.5
0,4,0.480018163,147.4134643,2.584113469,0.173483154,57.11107287,93.02471241,1.5
0,4,0.17568746,279.634439,5.130641477,0.109482451,47.77544227,96.46225537,1.5
0,4,0.864235587,322.6893788,3.090210741,0.119040685,50.46495975,86.31063745,1.5
0,4,0.601525888,265.4404469,2.743236414,0.167968077,48.2416699,117.0264957,1.5
0,4,0.509812125,153.1335733,5.949157554,0.07523313,43.27541026,129.1476131,1.5
0,4,0.758822676,241.4638617,2.571668978,0.19051471,45.95516468,67.19736298,1.5
0,4,0.520548217,190.0290352,3.751527046,0.144376296,53.98335276,86.26839714,1.5
0,4,0.295231411,162.7456659,2.999053865,0.12929706,58.25673788,92.36119747,1.5
0,4,0.389203705,178.2427983,3.384469024,0.12998834,50.34711856,70.79292082,1.5
0,4,0.321911772,164.5627797,4.68281271,0.088633379,56.76539179,115.8100741,1.5
0,4,0.579769393,92.16400428,2.869374392,0.146468564,53.55431587,106.9749024,1.5
0,4,0.264372889,219.1812755,2.464103695,0.134216359,53.84302658,62.63618504,1.5
0,4,0.751539025,211.8990934,4.785378636,0.096868136,51.60345271,108.2041814,1.5
0,4,0.151957129,361.254643,3.753129254,0.105037113,49.22767337,101.3535814,1.5
0,4,0.825533223,148.5467213,2.664336945,0.142160244,52.22923289,79.18872085,1.5
0,4,0.399261657,100.1328076,3.003573061,0.162018261,51.84177632,71.76621023,1.5
0,4,0.163776063,182.6171017,4.125625113,0.133998956,68.75243207,94.16445992,1.5
0,4,0.370178961,141.0831828,2.267591625,0.195316629,63.95306539,99.60827142,1.5
0,4,0.84557808,123.2872531,1.763229347,0.190684923,47.39350337,98.11400335,1.5
0,4,0.636625632,289.7374195,1.935789962,0.1432651,53.84207301,228.5804882,1.5
0,4,0.583649285,136.5100179,2.635365043,0.15454392,42.37465695,108.6598387,1.5
0,4,0.943554628,93.56240945,1.770803064,0.163113689,51.864668,70.29860042,1.5
0,4,0.972519592,133.4650576,2.275679204,0.221436363,59.87780794,84.94340433,1.5
0,4,0.249856768,225.7449585,4.021272981,0.119515114,61.16357678,77.6496659,1.5
0,4,0.998193403,218.8453101,1.574338287,0.238884477,52.53614781,57.72546692,1.5
0,4,0.849795332,113.8902381,4.310351098,0.122022293,52.45923881,73.34468382,1.5
0,4,0.027356893,76.00177871,2.749628414,0.1690506,48.43672979,121.6933621,1.5
0,4,0.638841357,357.8752546,1.556263226,0.19412817,54.23315999,85.65762293,1.5
0,4,0.930176855,237.4287731,1.675226987,0.169205441,54.11492,101.5128037,1.5
0,4,0.82531351,188.0208486,3.414199877,0.155376259,49.42065379,55.44653561,1.5
0,4,0.201667802,269.0890877,1.643595323,0.207235705,55.85256732,140.4500831,1.5
0,4,0.489622844,161.5763107,3.329043847,0.121015751,64.41597434,94.00578882,1.5
0,4,0.773743858,195.3164344,2.615276561,0.183671783,57.13719076,101.4712545,1.5
0,4,0.944942066,240.2237782,2.220868994,0.146743486,53.69992993,92.73856158,1.5
0,4,0.802406374,471.5736747,3.283987807,0.131959111,54.91961215,58.46483442,1.5
0,4,0.717647114,314.793529,2.705659236,0.116383034,63.92436852,88.10951996,1.5
0,4,0.44505696,156.9563405,4.06481711,0.109418898,66.7508036,98.24619543,1.5
0,4,0.712985727,181.6244442,2.41203609,0.153414234,54.14149027,122.987195,1.5
0,4,0.507540495,190.8535742,1.608938041,0.253349554,50.77509888,103.5510944,1.5
0,4,0.389203705,178.2427983,3.384469024,0.12998834,50.34711856,70.79292082,1.5
0,4,0.898188024,170.0462879,2.965667341,0.20018018,53.59351179,70.7099994,1.5
0,4,0.03680386,197.5721939,3.064810787,0.146869767,53.48718349,95.10858201,1.5
0,4,0.888631365,72.25893252,4.899225018,0.103816517,54.08655328,57.10212639,1.5
0,4,0.111465202,175.9272697,3.704723101,0.135080433,50.70239454,61.99703308,1.5
0,4,0.294220755,155.2667302,1.633025339,0.180583788,58.266377,147.7446667,1.5
0,4,0.135521612,317.5817654,2.589289946,0.14130817,55.49028342,83.38944745,1.5
0,4,0.898514001,175.6091851,2.670536448,0.206574593,60.31706207,72.09084767,1.5
0,4,0.533334841,338.3504554,4.196928515,0.116358139,55.85844985,51.69165758,1.5
0,4,0.588367578,168.7487468,2.75425749,0.150045822,51.00769964,77.78184523,1.5
0,4,0.612381699,219.4635266,4.90232672,0.073988228,55.2037278,66.71317422,1.5
0,4,0.875803773,176.4569381,3.734072322,0.129836011,43.0233367,39.26635562,1.5
0,4,0.49517612,221.5231185,3.736017217,0.087777207,49.08256327,86.1871384,1.5
0,4,0.946431704,123.6365688,2.281448288,0.182611808,58.6054124,65.54861561,1.5
0,4,0.383671196,382.8293759,3.757077257,0.096263846,54.58850228,96.65935996,1.5
0,4,0.774296214,534.3393773,5.860232151,0.086661566,62.84755947,114.4533274,1.5
0,4,0.805270184,291.3859361,1.532895981,0.222579724,53.80972383,94.75083351,1.5
0,4,0.630284295,193.5123165,1.658727246,0.275209806,52.5745796,91.41402628,1.5
0,4,0.704263266,166.9368807,2.808934609,0.190274127,68.16653587,102.8030171,1.5
0,4,0.956171511,185.0059054,2.97383339,0.145410232,58.17871123,92.73976353,1.5
0,4,0.976249864,216.7450753,2.799310558,0.173731591,58.6401291,75.46404327,1.5
0,4,0.390515648,261.5428084,3.671879626,0.128715102,42.79349034,51.80121205,1.5
0,4,0.266222433,227.9417757,3.248451647,0.157277399,50.07931438,71.99913016,1.5
0,4,0.543487545,86.29330878,1.713671972,0.169805007,58.59353945,127.9410698,1.5
0,4,0.86394014,155.3956833,5.63623765,0.102640383,55.31829904,112.0595075,1.5
0,4,0.184269183,382.4992345,2.296350694,0.195370729,49.85608342,109.4753844,1.5
0,4,0.826722161,196.2452009,2.578641474,0.224330618,57.36415559,72.01989196,1.5
0,4,0.155345516,162.2109874,3.002338757,0.112568075,61.43512383,69.7370131,1.5
0,4,0.784119215,472.2651088,2.392346817,0.155220422,50.36134731,74.59968136,1.5
0,4,0.535352069,170.4560101,2.893348538,0.20388685,55.18322842,104.21575,1.5
0,4,0.404297096,130.1050202,2.54361067,0.160001281,62.59432665,98.32154107,1.5
0,4,0.538983705,137.1012511,1.913386201,0.13075495,49.86731697,134.6679209,1.5
0,4,0.119030676,162.1835833,1.855091757,0.152452475,53.99798318,138.9707281,1.5
0,4,0.992590694,91.66945682,3.770367215,0.148877723,59.8643363,60.58649303,1.5
0,4,0.89739136,152.0448436,2.590415775,0.155613279,72.64202608,117.9697808,1.5
0,4,0.407362703,188.9224177,1.689611976,0.206542795,54.68600039,159.8035225,1.5
0,4,0.849918439,217.7100464,1.430911185,0.20375949,53.68309647,104.2994723,1.5
0,4,0.810833208,294.9594354,3.440352954,0.135721491,55.37151115,66.50815072,1.5
0,4,0.502603867,293.2307637,3.263248556,0.12710246,59.72947384,174.0979719,1.5
0,4,0.407362703,188.9224177,1.689611976,0.206542795,54.68600039,159.8035225,1.5
0,4,0.174181101,234.9950589,3.630592521,0.111938414,53.72917523,86.2601699,1.5
0,4,0.405622859,308.6605807,4.956527642,0.083306853,53.11881864,54.2665579,1.5
0,4,0.734400848,250.5350386,2.790931172,0.138183207,57.12516344,99.51372266,1.5
0,4,0.426817318,202.5004332,1.960354556,0.195942104,50.66256652,98.04096531,1.5
0,4,0.535958391,236.2511652,1.444365172,0.204191661,56.59572762,130.2530667,1.5
0,4,0.26844167,146.4675953,2.57938623,0.144628387,53.23797967,91.5508409,1.5
0,4,0.747411449,102.759823,2.416261251,0.130080868,52.34133002,53.02449695,1.5
0,4,0.836386409,140.6118474,2.97793748,0.136615701,62.3203589,86.01076505,1.5
0,4,0.88875254,411.3103203,2.616404052,0.139463977,48.55945493,100.4537657,1.5
0,4,0.90782786,350.1397571,2.541643388,0.213857528,49.86446467,102.8662571,1.5
0,4,0.380827128,188.6652318,2.139621733,0.182003999,51.18219121,98.64067453,1.5
0,4,0.993601019,218.962328,2.414339378,0.148698566,47.11912349,76.29557189,1.5
0,4,0.630284295,193.5123165,1.658727246,0.275209806,52.5745796,91.41402628,1.5
0,4,0.662674653,194.9777504,3.156294148,0.12775623,40.97987402,100.3060106,1.5
0,4,0.189870479,150.1189812,2.913337343,0.133691709,50.89995023,76.31961573,1.5
0,4,0.816217338,148.5140025,3.1709474,0.135857382,53.41553481,59.83362701,1.5
0,4,0.329971208,166.0856572,3.230054697,0.137211665,52.51171244,111.6636963,1.5
0,4,0.961799559,153.0411374,2.326866256,0.183801305,52.68635966,111.7458499,1.5
0,4,0.418095343,137.6156582,2.655035347,0.117776083,49.79811401,76.01943586,1.5
0,4,0.57292305,259.1631361,2.220709859,0.162390153,65.86840165,90.16193304,1.5
0,4,0.38120068,215.4001708,3.076517399,0.170003333,45.79093047,136.4627811,1.5
0,4,0.652817919,139.0856761,3.081491854,0.146523863,60.81811146,88.19916192,1.5
0,4,0.954710217,262.7455914,1.284183359,0.248213822,64.64890333,142.1734114,1.5
0,4,0.6870141,181.3588628,2.102541277,0.185853176,53.10793968,116.9946498,1.5
0,4,0.875653807,311.0193473,4.585852398,0.117841904,65.37377668,133.0145971,1.5
0,4,0.119922041,380.0841863,3.515843485,0.159412478,55.49257415,64.52527036,1.5
0,4,0.664458555,90.72689232,3.431146498,0.115002662,49.20452622,73.8751109,1.5
0,4,0.240715402,351.4619208,4.304518124,0.07710947,51.18147648,99.45072035,1.5
0,4,0.562605889,179.0762299,2.738712619,0.157342016,62.20997398,96.57132057,1.5
0,4,0.918573879,129.6561065,2.991644764,0.162304649,49.28936151,102.9650955,1.5
0,4,0.408856074,177.9161177,2.596224064,0.228086531,52.67675671,97.04956736,1.5
0,4,0.241921712,143.436391,2.537523137,0.099950609,68.87804754,110.1919932,1.5
0,4,0.211915994,285.4428064,2.398746744,0.166994015,64.45971705,92.53142543,1.5
0,4,0.65031474,182.5861036,2.679311636,0.138890323,56.85381701,76.60535276,1.5
0,4,0.935010166,140.3586165,3.3234515,0.129624,51.18432237,94.2572567,1.5
0,4,0.253455583,95.35925755,2.266160797,0.198603477,50.49015049,77.65571127,1.5
0,4,0.86399393,144.2994528,2.880118708,0.193216393,59.44370015,115.4375155,1.5
0,4,0.998354064,235.0254338,3.122916826,0.104975924,59.31026624,80.00587165,1.5
0,4,0.083453657,292.3893082,2.325636926,0.178938322,51.49261361,102.2862961,1.5
0,4,0.811892846,167.9085495,4.455617006,0.080787846,55.02394101,99.43249508,1.5
0,4,0.390006762,367.5821239,2.160805331,0.170554196,58.50521326,78.92194636,1.5
0,4,0.603304709,344.2147596,2.099777595,0.199869932,59.52350684,68.27658298,1.5
0,4,0.869122665,146.9605062,2.547845227,0.200741094,58.18184735,95.30342241,1.5
0,4,0.381100536,109.8880276,5.883377533,0.084007697,45.32727519,132.2449903,1.5
0,4,0.751194231,87.02228409,3.047453433,0.14579895,50.93524305,76.11265898,1.5
0,4,0.278933278,180.1182077,1.662387516,0.227709071,48.26798104,82.37571207,1.5
0,4,0.10094885,231.1942485,1.359991998,0.202937142,56.53480011,89.59116325,1.5
0,4,0.487170893,164.9768277,3.57169086,0.10024783,50.72809009,58.79972094,1.5
0,4,0.915915305,141.868999,3.065732141,0.10215848,53.82692378,92.19646208,1.5
0,4,0.25508827,181.792075,2.786931322,0.182368874,42.95006082,79.55363458,1.5
0,4,0.100068993,443.5271616,6.402381139,0.092417721,53.59075229,119.8280704,1.5
0,4,0.977639014,187.6401409,4.085451042,0.09660332,53.64140663,141.7098773,1.5
0,4,0.953249471,346.2945969,1.03850096,0.258516021,63.72091658,131.4839152,1.5
0,4,0.354293968,84.29947119,3.219592431,0.176333766,45.69174522,54.36324696,1.5
0,4,0.051733965,170.3362093,2.874026213,0.147744169,53.65526527,80.3931824,1.5
0,4,0.999514872,123.9413956,3.942689397,0.090117067,55.75278572,128.8062318,1.5
0,4,0.763502394,116.4313616,1.994375259,0.167329883,50.22416568,124.3843556,1.5
0,4,0.36575023,132.3520235,2.919004233,0.142006756,46.82271303,120.2493659,1.5
0,4,0.009448543,313.018289,5.670644412,0.067559078,48.85577013,79.01400688,1.5
0,4,0.724514112,369.9293734,4.393942094,0.12411429,56.32664815,64.07196046,1.5
0,4,0.566332455,239.3282728,1.800741756,0.188264627,62.49803482,65.73570858,1.5
0,4,0.827011426,325.6622113,3.27277933,0.175629793,55.92703966,58.88490102,1.5
0,4,0.679019747,137.0829426,3.036733502,0.118946247,65.40242564,102.1773013,1.5
0,4,0.784119215,472.2651088,2.392346817,0.155220422,50.36134731,74.59968136,1.5
0,4,0.58655063,111.3997632,3.769850764,0.105648091,56.41754307,118.7087289,1.5
0,4,0.618143528,127.9429209,2.656225885,0.161290717,60.32519491,92.92781981,1.5
0,4,0.621741659,143.6431542,2.248175095,0.172226034,47.60671747,88.50719016,1.5
0,4,0.40675614,194.0977087,3.015974075,0.156476813,61.17349717,83.07706205,1.5
0,4,0.811676449,337.6984011,3.043000771,0.124950661,63.39690887,88.01419205,1.5
0,4,0.286618246,229.0700028,2.355510717,0.16855715,53.32874955,156.8816724,1.5
0,4,0.860935735,203.3447451,2.851434718,0.255187729,58.6205434,89.5833949,1.5
0,4,0.738046045,248.9995819,3.624051007,0.115559066,53.47791909,96.59512711,1.5
0,4,0.203883404,270.2663632,2.391220155,0.185471024,53.6632789,82.19567467,1.5
0,4,0.191119565,258.0795148,1.815320277,0.127832595,59.13046734,101.8915849,1.5
0,4,0.264900718,244.8499698,1.825869319,0.197362492,51.85864305,70.94538424,1.5
0,4,0.837037964,334.8272857,2.731245335,0.138561057,42.83719217,112.1432736,1.5
0,4,0.961375433,207.9422116,1.885910818,0.216565388,55.36454251,129.5201117,1.5
0,4,0.600041318,176.8592743,2.908986414,0.116434273,46.41206686,83.35367581,1.5
0,4,0.562672878,235.2556135,2.019602522,0.159421961,47.77431025,101.2131184,1.5
0,4,0.884961414,326.2006402,2.35263984,0.124837789,56.91545913,155.3624766,1.5
0,4,0.264859696,105.8518856,4.651104294,0.08154584,57.59819232,99.82960649,1.5
0,4,0.171247669,271.7113802,4.0278261,0.106961761,58.85499195,67.68412079,1.5
0,4,0.572002036,379.4623573,2.433041412,0.166755143,52.47759958,159.4761267,1.5
0,4,0.345539827,153.4534713,2.555135741,0.168906653,48.6697098,106.8781551,1.5
0,4,0.055142185,80.91485783,2.219808934,0.166777832,65.47244845,91.70934877,1.5
0,4,0.994749455,93.33142336,3.402464891,0.134444781,65.65010437,87.01069464,1.5
0,4,0.302452394,201.6496798,4.241564698,0.089704171,57.57046933,160.8164599,1.5
0,4,0.981110327,269.241448,2.868070304,0.139576361,62.08295746,105.1621105,1.5
0,4,0.899822323,446.1581587,1.882767653,0.165191278,57.47378128,115.5453577,1.5
0,4,0.45469841,147.0293055,2.284900015,0.162078964,51.38416005,92.37575734,1.5
0,4,0.991434395,370.7163376,3.542523156,0.109765003,49.0019167,77.83821558,1.5
0,4,0.967633018,370.5768477,2.241971135,0.179491499,46.46391349,84.33163415,1.5
0,4,0.977639014,187.6401409,4.085451042,0.09660332,53.64140663,141.7098773,1.5
0,4,0.43786588,345.3059159,2.629639918,0.172169775,63.16679045,88.03354715,1.5
0,4,0.69356769,249.4052812,5.339931267,0.074542283,57.54499455,105.7516427,1.5
0,4,0.893920395,188.485389,3.868753134,0.116459965,54.34263597,162.4824046,1.5
0,4,0.433005125,253.9952973,2.595463543,0.112154497,55.64577886,204.5930148,1.5
0,4,0.956523578,356.5417445,3.802608243,0.129744509,50.93240638,94.41912328,1.5
0,4,0.398315808,300.8006541,2.18983104,0.200084858,57.36146597,71.05679461,1.5
0,4,0.51293183,196.7118375,2.409992627,0.168681186,54.53416359,79.88041488,1.5
0,4,0.032162322,361.1140567,5.435563931,0.127543525,51.85358162,110.5387296,1.5
0,4,0.736900716,125.7180069,2.226638938,0.165739717,48.91226675,80.09973856,1.5
0,4,0.804464463,353.2768606,1.314036099,0.257479788,65.19963094,146.8319993,1.5
0,4,0.639174801,207.6340838,3.292072501,0.121040529,51.82431064,82.85086326,1.5
0,4,0.324803912,184.2187581,4.847194094,0.097177784,51.09372605,75.49913798,1.5
0,4,0.390652231,384.1963269,3.841103972,0.14777411,50.727255,107.4738991,1.5
0,4,0.859032718,205.7910026,3.839626791,0.13950608,60.43455866,117.8708334,1.5
0,4,0.357276891,253.0179474,3.036563207,0.103929483,52.62558671,56.82230399,1.5
0,4,0.996343488,370.8214524,3.617036139,0.093061883,51.55717787,100.5230651,1.5
0,4,0.65031474,182.5861036,2.679311636,0.138890323,56.85381701,76.60535276,1.5
0,4,0.423418376,182.8302624,3.175199805,0.169617913,69.27611083,78.26517493,1.5
0,4,0.821222121,220.1044838,3.084582393,0.164281867,49.5903988,112.092187,1.5
0,4,0.071075679,122.48673,5.112874072,0.076460306,61.20205501,67.14212084,1.5
0,4,0.541489126,163.703567,2.554094192,0.131208647,44.47853658,120.2758175,1.5
0,4,0.591892449,177.6415125,2.862414979,0.110662397,47.59080615,79.87126974,1.5
0,4,0.717782465,134.1610445,2.519613591,0.111387279,56.72426361,249.2065169,1.5
0,4,0.02231566,223.2956783,2.963859266,0.135621817,55.74688551,82.42836336,1.5
0,4,0.174222865,95.98140927,3.517892817,0.182427794,45.42714025,68.55030397,1.5
0,4,0.121680279,298.1098544,3.197291853,0.12691253,58.45644117,75.18576943,1.5
0,4,0.75941704,149.4143573,4.151671977,0.088927804,58.4191902,82.77254991,1.5
0,4,0.703872937,319.6961794,2.727098511,0.125500283,55.77231468,105.2972432,1.5
0,4,0.742566574,132.3381541,5.203672951,0.110880446,52.80912778,86.45585378,1.5
0,4,0.652363032,168.7449662,2.485122352,0.211725546,56.34839896,146.1952005,1.5
0,4,0.943730244,142.3181312,2.154659899,0.190207556,61.66984551,93.67014306,1.5
0,4,0.748577656,156.5987108,2.230395892,0.262764175,61.46628496,92.04380714,1.5
0,4,0.631272005,86.83413429,2.209066943,0.162241542,56.64545967,97.09117928,1.5
0,4,0.292855367,122.109151,4.329227348,0.120836767,50.50177472,130.453616,1.5
0,4,0.828457172,209.5530705,2.706562786,0.180163488,60.06329867,81.45655093,1.5
0,4,0.720700454,133.6328897,4.371120291,0.104898258,50.21402058,77.59379074,1.5
0,4,0.858441628,385.1057125,6.300717209,0.092152967,56.07773567,69.6948832,1.5
0,4,0.636183008,192.0585785,4.814544223,0.097253826,52.28938922,106.066038,1.5
0,4,0.826722161,196.2452009,2.578641474,0.224330618,57.36415559,72.01989196,1.5
0,4,0.554039107,157.65687,3.542382029,0.121771124,56.73852818,74.35513935,1.5
0,4,0.423894456,194.6425231,3.301509343,0.166598563,64.53025116,121.8636997,1.5
0,4,0.798930722,197.1483675,1.693313385,0.174815768,55.97157309,103.6924772,1.5
0,4,0.985430594,175.1719452,3.507063776,0.103279524,59.55686715,69.26383653,1.5
0,4,0.929804866,173.0878095,3.595436786,0.191589995,45.44555038,72.95960961,1.5
0,4,0.264372889,219.1812755,2.464103695,0.134216359,53.84302658,62.63618504,1.5
0,4,0.473673577,359.5203738,3.112503914,0.167974178,65.19053539,140.2059576,1.5
0,4,0.995550628,325.7549238,1.079444654,0.262386006,64.55618824,129.4664891,1.5
0,4,0.816776569,125.5479281,3.878481167,0.131209495,50.84456187,102.7766644,1.5
0,4,0.342846807,182.6186523,3.273852083,0.140811763,48.24542065,125.9935019,1.5
0,4,0.058174289,127.6604915,5.209015031,0.074121999,63.94192445,115.943601,1.5
0,4,0.887585734,129.1819868,2.785465575,0.163621333,52.36112134,135.9295337,1.5
0,4,0.191321529,283.0171192,1.56680679,0.194873002,57.84959683,97.88711388,1.5
0,4,0.773743858,195.3164344,2.615276561,0.183671783,57.13719076,101.4712545,1.5
0,4,0.062000358,245.2983679,2.191753865,0.134918598,51.09737988,72.11412192,1.5
0,4,0.955247198,159.7300094,2.211667814,0.132154801,49.7691342,121.3644179,1.5
0,4,0.591649354,170.6646717,1.977088135,0.136590281,58.78097478,87.94081304,1.5
0,4,0.007389051,85.43486848,2.815835607,0.142934796,52.46661002,115.0966905,1.5
0,4,0.454940685,125.6950086,3.436704697,0.122693632,63.06155601,57.69477379,1.5
0,4,0.29745733,160.5167039,3.11646555,0.144099933,48.11786446,67.98635213,1.5
0,4,0.705029724,194.5689399,3.804898235,0.122865161,54.43191734,131.8445861,1.5
0,4,0.869421421,789.1235967,2.337470316,0.180606646,48.60695814,79.37021072,1.5
0,4,0.849918439,217.7100464,1.430911185,0.20375949,53.68309647,104.2994723,1.5
0,4,0.866943378,227.8426189,3.903474286,0.126902477,60.56249335,105.5732923,1.5
0,4,0.939731001,158.138925,2.265048787,0.152122541,59.92766905,167.2233315,1.5
0,4,0.131711059,249.0170819,3.174450202,0.125497296,51.41570525,101.6783524,1.5
0,4,0.607516536,141.6818824,5.218189715,0.068795853,54.7606498,74.5296698,1.5
0,4,0.652308115,259.6069998,2.088480681,0.209249359,60.94235011,117.6893963,1.5
0,4,0.829060743,186.0556273,2.592695691,0.123782123,52.56204432,70.82335486,1.5
0,4,0.644590809,173.0664137,2.671348173,0.132039367,51.89786474,75.68411866,1.5
0,4,0.062918581,183.0959176,4.540911816,0.085281072,49.7945304,93.51770158,1.5
0,4,0.900533865,106.2321052,3.257279197,0.145798032,57.61074147,167.6817521,1.5
0,4,0.544413458,300.2669583,3.097199061,0.151267193,69.72180409,86.45236372,1.5
0,4,0.816429178,192.9971126,3.481461512,0.140440037,55.26063501,96.03767484,1.5
0,4,0.465867757,119.5623586,5.547630207,0.075342532,46.82364806,121.9810675,1.5
0,4,0.607846189,171.0332578,2.634642908,0.17207445,54.59727967,96.09241696,1.5
0,4,0.505531819,504.9795106,2.849508328,0.118242007,52.51036667,109.2499697,1.5
0,4,0.325002876,185.4526504,2.991468565,0.179118719,58.97363936,56.61204454,1.5
0,4,0.591892449,177.6415125,2.862414979,0.110662397,47.59080615,79.87126974,1.5
0,4,0.626288885,94.69812416,1.678153533,0.168563575,60.67377782,82.26176605,1.5
0,4,0.050247449,233.9203193,2.39101691,0.173812395,64.06004972,84.99409171,1.5
0,4,0.183423891,229.3498094,2.758169599,0.148585494,55.49990262,72.31326609,1.5
0,4,0.539658751,195.0657905,3.772308104,0.115697803,51.90860503,46.77312437,1.5
0,4,0.816903684,121.4679353,2.579431624,0.208580919,53.49018378,64.82156034,1.5
0,4,0.691064203,162.6708232,2.925598084,0.159949825,53.66845303,53.06714871,1.5
0,4,0.253557069,346.554975,2.754202761,0.122142612,62.88906407,81.81027182,1.5
0,4,0.966345099,333.7118715,4.0344025,0.115287199,49.09876969,68.32435863,1.5
0,4,0.898514001,175.6091851,2.670536448,0.206574593,60.31706207,72.09084767,1.5
0,4,0.354525553,313.5223403,2.681822283,0.183599421,53.40904275,85.01438149,1.5
0,4,0.480204984,109.7240648,2.532401271,0.151942309,49.25431616,113.2703281,1.5
0,4,0.536376023,495.6970229,3.331252608,0.135508477,52.48951081,79.44349789,1.5
0,4,0.251875933,137.1615721,4.334399186,0.079474358,51.4494192,88.62136485,1.5
0,4,0.026681577,157.1308663,2.427874403,0.165144395,54.36784481,85.35421375,1.5
0,4,0.059129755,129.6986712,1.995223597,0.139433622,57.92436039,85.55031741,1.5
0,4,0.268054018,88.64437188,2.399766429,0.181632787,46.73213324,112.4898308,1.5
0,4,0.34889603,190.2488156,1.796521075,0.198427102,49.79388108,79.97121375,1.5
0,4,0.029023752,139.8764811,2.480168102,0.154586278,57.14112809,77.62809222,1.5
0,4,0.052354722,173.172571,2.789724392,0.164280058,54.45002501,93.70895926,1.5
0,4,0.359485377,172.8318272,2.491980118,0.137086489,46.6097647,89.58102771,1.5
0,4,0.868387125,298.2087881,2.615130454,0.146177482,57.70230245,81.94173264,1.5
0,4,0.900901634,241.6087932,3.265326096,0.218345909,57.45033213,105.1688244,1.5
0,4,0.721073831,185.5879042,2.353133815,0.166163084,57.49742073,104.4140033,1.5
0,4,0.588566964,219.1176937,6.159110996,0.094938209,54.92690112,97.12600574,1.5
0,4,0.009978114,206.1821326,4.3201825,0.102492407,49.54919705,85.69092804,1.5
0,4,0.537801436,168.0084544,3.767228185,0.106076834,55.72696357,96.47054,1.5
0,4,0.882250099,259.3448219,2.129097952,0.148813736,56.38325539,48.49761678,1.5
0,4,0.042237962,173.3968266,5.023528004,0.086818175,48.60627315,89.86140225,1.5
0,4,0.929804866,173.0878095,3.595436786,0.191589995,45.44555038,72.95960961,1.5
0,4,0.559657465,137.5405826,2.455523078,0.152074063,58.10878181,43.53067103,1.5
0,4,0.69445307,180.2264418,2.738159431,0.112663603,65.71364274,96.12619727,1.5
0,4,0.64796039,194.0955906,1.35675653,0.22322838,52.06977282,65.91314258,1.5
0,4,0.72313908,369.7594362,1.992998492,0.162660703,53.67207015,96.12089449,1.5
0,4,0.575344077,167.9604781,1.893426395,0.156582996,61.90133767,90.93591329,1.5
